-- MySQL dump 10.13  Distrib 5.7.28, for Linux (x86_64)
--
-- Host: localhost    Database: aniket3
-- ------------------------------------------------------
-- Server version	5.7.28-0ubuntu0.19.04.2

/*!40101 SET @OLD_CHARACTER_SET_CLIENT=@@CHARACTER_SET_CLIENT */;
/*!40101 SET @OLD_CHARACTER_SET_RESULTS=@@CHARACTER_SET_RESULTS */;
/*!40101 SET @OLD_COLLATION_CONNECTION=@@COLLATION_CONNECTION */;
/*!40101 SET NAMES utf8 */;
/*!40103 SET @OLD_TIME_ZONE=@@TIME_ZONE */;
/*!40103 SET TIME_ZONE='+00:00' */;
/*!40014 SET @OLD_UNIQUE_CHECKS=@@UNIQUE_CHECKS, UNIQUE_CHECKS=0 */;
/*!40014 SET @OLD_FOREIGN_KEY_CHECKS=@@FOREIGN_KEY_CHECKS, FOREIGN_KEY_CHECKS=0 */;
/*!40101 SET @OLD_SQL_MODE=@@SQL_MODE, SQL_MODE='NO_AUTO_VALUE_ON_ZERO' */;
/*!40111 SET @OLD_SQL_NOTES=@@SQL_NOTES, SQL_NOTES=0 */;

--
-- Table structure for table `Artists`
--

DROP TABLE IF EXISTS `Artists`;
/*!40101 SET @saved_cs_client     = @@character_set_client */;
/*!40101 SET character_set_client = utf8 */;
CREATE TABLE `Artists` (
  `ArtistID` int(11) NOT NULL,
  `Name` varchar(12) NOT NULL,
  `Age` int(2) NOT NULL,
  PRIMARY KEY (`ArtistID`)
) ENGINE=InnoDB DEFAULT CHARSET=utf8;
/*!40101 SET character_set_client = @saved_cs_client */;

--
-- Dumping data for table `Artists`
--

LOCK TABLES `Artists` WRITE;
/*!40000 ALTER TABLE `Artists` DISABLE KEYS */;
INSERT INTO `Artists` VALUES (1,'Rabi',22),(2,'Teodoro',25),(3,'Rupert',26),(4,'Meris',37),(5,'Demetre',58),(6,'h1',51),(7,'Ricky',45),(8,'Noell',56),(9,'Cati',58),(10,'Towny',22),(11,'Gretchen',44),(12,'Robbert',50),(13,'Dania',48),(14,'Kettie',44),(15,'Trip',44),(16,'Coraline',17),(17,'Elisabetta',43),(18,'Tony',36),(19,'Rhoda',44),(20,'Garold',18),(21,'Lesly',36),(22,'Garvin',31),(23,'Danika',44),(24,'Ermanno',59),(25,'s1',21),(26,'Poul',57),(27,'Mirelle',46),(28,'Demetri',59),(29,'Reggis',41),(30,'Carlos',38),(31,'Walton',36),(32,'Rosamund',23),(33,'Kurt',28),(34,'Meryl',20),(35,'Sol',40),(36,'Keene',50),(37,'c1',38),(38,'Marthe',47),(39,'Floria',43),(40,'Rolph',46),(41,'Revkah',25),(42,'Melessa',19),(43,'Claude',52),(44,'Minette',44),(45,'Alvie',49),(46,'Fan',52),(47,'Leighton',24),(48,'Alikee',36),(49,'Maddy',24),(50,'Ursa',33),(51,'Chickie',49),(52,'Torry',46),(53,'Alika',54),(54,'Douglass',55),(55,'n1',46),(56,'Desi',55),(57,'Elvira',24),(58,'Darci',20),(59,'Farris',59),(60,'Nickolas',56),(61,'Isak',17),(62,'Gretta',26),(63,'Candie',23),(64,'Wally',49),(65,'Newton',56),(66,'Dore',33),(67,'Sansone',43),(68,'d1',42),(69,'Carla',17),(70,'Masha',36),(71,'Jodi',55),(72,'Cynthy',48),(73,'Howie',33),(74,'Say',43),(75,'Andrei',53),(76,'Gay',18),(77,'Mirabel',44),(78,'Bernard',21),(79,'Minerva',57),(80,'Rockey',48),(81,'Anselma',49),(82,'Hendrika',37),(83,'Joann',43),(84,'Ashli',52),(85,'Devinne',40),(86,'Daren',27),(87,'Ardenia',24),(88,'Humfrid',32),(89,'Balduin',52),(90,'Myrna',51),(91,'Nana',51),(92,'Bess',51),(93,'Haley',21),(94,'Haze',37),(95,'Elsa',47),(96,'Audi',58),(97,'Liva',52),(98,'Dacie',21),(99,'t1',38),(100,'Irwin',56),(101,'Harland',52),(102,'Claybourne',17),(103,'c11',37),(104,'Babette',24),(105,'Bendick',31),(106,'Mireille',42),(107,'Christopher',26),(108,'n11',55),(109,'Talia',59),(110,'Giovanna',23),(111,'Rollins',46),(112,'s11',25),(113,'Barry',38),(114,'Jacqui',42),(115,'Claudell',33),(116,'Redd',40),(117,'Cozmo',60),(118,'Leslie',16),(119,'Devonna',53),(120,'Dre',32),(121,'L;urette',54),(122,'Annora',48),(123,'Catherine',58),(124,'Alvy',20),(125,'Jeniffer',51),(126,'Ric',45),(127,'Hubey',41),(128,'Letty',23),(129,'Kippy',22),(130,'Witty',27),(131,'Merralee',24),(132,'Tommie',55),(133,'Katerina',17),(134,'Thatcher',21),(135,'Louella',26),(136,'Dorotea',58),(137,'Harry',17),(138,'Holmes',35),(139,'Alexandr',53),(140,'Demetrius',42),(141,'Emili',42),(142,'Dreddy',20),(143,'Jaquith',59),(144,'Alexei',58),(145,'Rafe',26),(146,'Kasey',16),(147,'Ode',17),(148,'Denney',23),(149,'Mada',51),(150,'Jenda',23),(151,'Virgie',36),(152,'Micaela',22),(153,'Yetty',16),(154,'Halette',38),(155,'Barbara-anne',49),(156,'Sibley',43),(157,'Mariellen',48),(158,'Edouard',39),(159,'Tove',40),(160,'Rozina',24),(161,'Esma',41),(162,'Lindon',19),(163,'Zelma',26),(164,'Sean',22),(165,'Hannie',30),(166,'Verina',53),(167,'Emmye',45),(168,'Ricardo',17),(169,'Sue',46),(170,'Josiah',47),(171,'Kendricks',52),(172,'Renado',37),(173,'Winthrop',32),(174,'Normy',16),(175,'Langston',60),(176,'Ericka',44),(177,'Ranice',35),(178,'Rochell',19),(179,'Morey',42),(180,'Evelyn',21),(181,'Caldwell',16),(182,'m1',25),(183,'Sauveur',53),(184,'Minni',55),(185,'Chrystal',18),(186,'Adina',51),(187,'Cristie',42),(188,'Louie',51),(189,'Ketti',50),(190,'Anna-maria',52),(191,'Gail',45),(192,'Humphrey',56),(193,'Rafaelia',39),(194,'Othella',56),(195,'Claire',51),(196,'Marja',56),(197,'Maximilian',42),(198,'Montgomery',18),(199,'Judi',55),(200,'Rubia',45),(201,'Christophe',43),(202,'Lorraine',58),(203,'Sosanna',47),(204,'Cobby',23),(205,'Ursuline',47),(206,'Rhianon',35),(207,'Florentia',55),(208,'Theressa',31),(209,'Heddi',41),(210,'Wilden',51),(211,'Noe',30),(212,'Daisi',45),(213,'Ninnetta',28),(214,'Jean',16),(215,'Obediah',45),(216,'Arabella',34),(217,'Eleen',19),(218,'Chas',44),(219,'Edmund',19),(220,'Suki',43),(221,'Daphna',57),(222,'Janean',25),(223,'Jorgan',32),(224,'Frayda',36),(225,'Sheila',47),(226,'Isadora',37),(227,'Alick',24),(228,'Belinda',53),(229,'Letitia',53),(230,'Des',46),(231,'Jules',43),(232,'Kareem',47),(233,'Tymothy',46),(234,'Saunder',16),(235,'Jeremie',51),(236,'Teresa',58),(237,'Matilda',28),(238,'Kerri',55),(239,'Fred',18),(240,'Paten',27),(241,'Farlay',41),(242,'Vincent',47),(243,'Charmian',27),(244,'Trisha',17),(245,'Albie',37),(246,'Brandon',19),(247,'Phip',47),(248,'Elnar',18),(249,'Selie',46),(250,'Hyacinthia',42),(251,'Liane',39),(252,'Clyde',49),(253,'Rozalin',60),(254,'Paquito',16),(255,'Ginger',57),(256,'Em',46),(257,'Tomas',25),(258,'Sherline',31),(259,'Annnora',34),(260,'Lauraine',22),(261,'Tobias',32),(262,'Geno',60),(263,'Tait',36),(264,'Ernie',41),(265,'Collen',60),(266,'Marybeth',58),(267,'Henrietta',38),(268,'Annamarie',57),(269,'Cyril',34),(270,'Kerianne',36),(271,'Gwen',43),(272,'Vania',49),(273,'Carol',45),(274,'Zondra',36),(275,'Brooks',58),(276,'Stephani',28),(277,'Berty',21),(278,'Clementius',50),(279,'Keefer',56),(280,'Philippa',22),(281,'Myrah',32),(282,'Kerrie',56),(283,'Ruby',41),(284,'Tallia',26),(285,'Goober',37),(286,'Romy',24),(287,'Nessa',52),(288,'Arie',33),(289,'Brian',20),(290,'Anna',22),(291,'Cirstoforo',34),(292,'Delia',60),(293,'Ailis',21),(294,'Stanleigh',54),(295,'Lyn',26),(296,'Shandeigh',30),(297,'Candi',42),(298,'Conn',21),(299,'Jillayne',19),(300,'Hansiain',25);
/*!40000 ALTER TABLE `Artists` ENABLE KEYS */;
UNLOCK TABLES;

--
-- Table structure for table `Family`
--

DROP TABLE IF EXISTS `Family`;
/*!40101 SET @saved_cs_client     = @@character_set_client */;
/*!40101 SET character_set_client = utf8 */;
CREATE TABLE `Family` (
  `FamilyID` int(2) NOT NULL,
  `UID1` varchar(8) DEFAULT NULL,
  `UID2` varchar(8) DEFAULT NULL,
  `UID3` varchar(8) DEFAULT NULL,
  `UID4` varchar(8) DEFAULT NULL,
  `Payment_Status` varchar(5) NOT NULL,
  PRIMARY KEY (`FamilyID`)
) ENGINE=InnoDB DEFAULT CHARSET=utf8;
/*!40101 SET character_set_client = @saved_cs_client */;

--
-- Dumping data for table `Family`
--

LOCK TABLES `Family` WRITE;
/*!40000 ALTER TABLE `Family` DISABLE KEYS */;
INSERT INTO `Family` VALUES (1,'xaitf506','eyjan549','wkhbd740','pslsk328','true'),(2,'laftt338','ibutj026','yvxxu235','xezne928','false'),(3,'nucax746','msysd624','dyiqv529','wkybo592','false'),(4,'ayzsb172','aedkf387','krhoz450','nnwmg923','true'),(5,'jtsnc682','riupk628','vpaeo537','wkybo592','false'),(6,'gggaj512','xezne928','xuweq291','fsthm354','true'),(7,'eiwwh256','tybse178','cjmbr385','kwofi309','false'),(8,'ksqvk485','wkybo592','rfvko005','jxgss419','false'),(9,'luelb695','porug650','gggaj512','eupby666','true'),(10,'mybxm352','dlncd153','uoldk508','mxsso197','false'),(11,'zimgr217','ecqrn431','dnaiu954','wtkjs497','false'),(12,'rguxr859','sprwj542','aalda587','yolpy275','true'),(13,'coumo935','pqipw576','lslvt210','hzgri689','false'),(14,'rpwmm552','hovux073','nzdjw088','fdkku579','true'),(15,'pxwao440','zclor395','yxmvq224','wpcea865','false'),(16,'wvfdl622','eyjan549','nidfz195','pinnf111','false'),(17,'uoldk508','awwer123','eeiyh674','oohqj473','false'),(18,'ptyni659','yrccf959','cahqz183','tdkic842','false'),(19,'geobz965','krhoz450','gimex445','pnhfn014','false'),(20,'pynbj878','gxxdl066','wojzs652','udfvm192','true'),(21,'gazqf820','zndyc854','wojzs652','ngilh154','true'),(22,'nidfz195','etgvt152','ayzsb172','ovroh023','true'),(23,'fabqt321','zudxq794','vcqph166','wtqia592','true'),(24,'biwop427','vcqph166','eeiyh674','rctzk870','true'),(25,'bcteh424','pmsro870','ocqlv100','vpaeo537','true'),(26,'agyfn263','yuple820','avjms585','lwney192','false'),(27,'nhygl801','clbuq874','aalda587','tkcpu014','true'),(28,'rlkqm566','xmrxt731','ulafb286','ocmwx554','true'),(29,'rvpen634','sprwj542','kecrc354','bkqwb419','true'),(30,'dfcqu017','xpmvk729','razqy757','xpmvk729','true'),(31,'uhfjp042','cnney081','oohqj473','dsgwl387','true'),(32,'caska683','yxutu197','hetuc105','zudxq794','false'),(33,'aqafq776','coumo935','vfjad781','ptyni659','true'),(34,'kwofi309','ngilh154','atjvg509','dsefh430','true'),(35,'msysd624','geobz965','eyjan549','coyfr875','false'),(36,'otbdk642','mjrbf794','oxeul511','amxqs840','true'),(37,'jqpfd976','okcrl028','rtwsr872','biwop427','false'),(38,'awwjv874','fodtw336','stvvp844','uemug634','true'),(39,'gazqf820','wvfdl622','akixs754','cemhf711','true'),(40,'yscxy967','clrkg751','zoavq386','aedkf387','false'),(41,'sabvr782','sprwj542','dzujy159','bvosq686','true'),(42,'bpwjj461','ibutj026','qmkgb722','pinnf111','true'),(43,'agyfn263','cnney081','wktsb268','yzxjq572','true'),(44,'plpij340','unuxw892','oxeul511','porug650','false'),(45,'tybse178','cxtgq560','xuweq291','amxqs840','false'),(46,'dmngf488','akixs754','zoavq386','zqkij682','true'),(47,'clrkg751','kctav984','dsgwl387','pmouv563','false'),(48,'dvdnd575','vhxrj603','rnsku438','gnjpz252','false'),(49,'pkxkm957','njloh001','dcvxf388','bkqwb419','false'),(50,'xzxzz544','lwney192','mjrbf794','pwryn651','true');
/*!40000 ALTER TABLE `Family` ENABLE KEYS */;
UNLOCK TABLES;

--
-- Table structure for table `Movies`
--

DROP TABLE IF EXISTS `Movies`;
/*!40101 SET @saved_cs_client     = @@character_set_client */;
/*!40101 SET character_set_client = utf8 */;
CREATE TABLE `Movies` (
  `Movie_id` int(3) NOT NULL,
  `P_HouseID` int(3) NOT NULL,
  `Movie_Name` varchar(71) NOT NULL,
  `Overall_Rating` decimal(3,1) DEFAULT NULL,
  `IMDB` decimal(3,1) DEFAULT NULL,
  `Duration` int(3) NOT NULL,
  `Genre` varchar(40) NOT NULL,
  PRIMARY KEY (`Movie_id`),
  KEY `P_HouseID` (`P_HouseID`),
  CONSTRAINT `Movies_ibfk_1` FOREIGN KEY (`P_HouseID`) REFERENCES `Production_Houses` (`PHID`)
) ENGINE=InnoDB DEFAULT CHARSET=utf8;
/*!40101 SET character_set_client = @saved_cs_client */;

--
-- Dumping data for table `Movies`
--

LOCK TABLES `Movies` WRITE;
/*!40000 ALTER TABLE `Movies` DISABLE KEYS */;
INSERT INTO `Movies` VALUES (1,502,'American Me',4.6,9.3,200,'Drama'),(2,504,'Chronicles (Crónicas)',7.2,6.5,152,'Crime|Drama'),(3,502,'Fresh Horses',6.6,8.3,119,'Drama'),(4,505,'Last Cowboy Standing (Skavabölen pojat)',2.9,9.2,91,'Drama'),(5,501,'Sounder',7.2,4.6,103,'Drama'),(6,508,'Gloria',2.9,5.3,197,'Comedy|Drama'),(7,505,'Oh, Heavenly Dog!',3.4,4.9,145,'Comedy|Crime'),(8,508,'Jet Lag (Décalage horaire)',1.4,5.5,190,'Comedy|Romance'),(9,502,'Holiday, The',2.0,8.3,158,'Comedy|Romance'),(10,502,'Addicted to Plastic',2.0,8.5,178,'Documentary'),(11,509,'Rich Hill',3.7,6.5,118,'Documentary'),(12,503,'Where the Rivers Flow North',4.4,7.0,176,'Drama'),(13,503,'Spooner',5.3,6.3,91,'Comedy|Drama'),(14,506,'Escape Plan',7.3,3.6,87,'Action|Mystery|Thriller'),(15,501,'Jo Pour Jonathan',7.7,10.0,126,'Drama'),(16,502,'Death at a Funeral',1.5,5.7,105,'Comedy'),(17,503,'8 Mile',8.2,9.6,199,'Drama'),(18,505,'I Am a Fugitive from a Chain Gang',4.8,7.4,151,'Crime|Drama|Film-Noir'),(19,501,'Battle Cry',7.7,6.6,157,'Drama|War'),(20,504,'Left Luggage',3.2,7.0,140,'Drama'),(21,503,'Street Kings',9.6,4.9,173,'Crime|Drama|Thriller'),(22,504,'Borderline',3.4,9.7,170,'Crime|Drama|Romance'),(23,506,'Blood Trails ',4.8,3.0,151,'Horror|Thriller'),(24,507,'Resurrection',2.1,7.4,181,'Drama|Fantasy'),(25,507,'Children of the Corn',2.2,4.4,169,'Drama|Horror|Thriller'),(26,508,'Chance',1.0,9.0,125,'Comedy|Drama'),(27,505,'Snitch Cartel, The (El cartel de los sapos)',6.1,9.6,96,'Crime|Drama'),(28,501,'Like Crazy',3.2,4.3,135,'Drama|Romance'),(29,504,'Finding a Family',9.8,8.4,131,'Drama'),(30,509,'Eros',8.5,6.3,200,'Drama'),(31,509,'Flesh & Blood',7.5,9.6,135,'Action|Adventure|Drama|War'),(32,509,'Bless the Beasts & Children',3.9,8.1,190,'Drama'),(33,507,'Halloween',5.8,8.0,172,'Horror'),(34,503,'Beginners',5.8,4.0,136,'Drama'),(35,504,'India\'s Daughter',6.6,4.1,186,'Documentary'),(36,507,'Happy Together (a.k.a. Buenos Aires Affair) (Chun gwong cha sit)',4.7,5.5,186,'Drama|Romance'),(37,502,'Killer Meteors, The (Feng yu shuang liu xing)',3.5,9.8,173,'Action|Thriller'),(38,501,'Point of Order',3.7,9.5,172,'Documentary'),(39,503,'Wayne\'s World',2.0,8.6,160,'Comedy'),(40,508,'Company of Wolves, The',3.9,6.9,199,'Fantasy|Horror'),(41,506,'Snow Flower and the Secret Fan',7.3,7.1,187,'Drama'),(42,507,'Arsène Lupin',6.9,3.6,176,'Mystery|Romance'),(43,508,'Caesar (Julius Caesar)',1.2,4.7,194,'Drama|War'),(44,504,'Mimic 2',1.4,8.7,87,'Horror|Sci-Fi|Thriller'),(45,507,'Lebanon',8.0,4.0,119,'Drama|War'),(46,507,'Confession, The',7.3,3.7,136,'Drama|Thriller'),(47,508,'Critters 3',3.2,4.7,104,'Comedy|Sci-Fi'),(48,506,'Dolores Claiborne',3.3,3.3,174,'Drama|Thriller'),(49,505,'Sex & Drugs & Rock & Roll',6.4,4.9,107,'Comedy|Drama'),(50,506,'Mercenary for Justice',3.6,8.7,147,'Action'),(51,507,'11 Flowers (Wo 11)',1.5,9.7,148,'Drama'),(52,507,'Youth of the Son',9.3,9.1,108,'Drama'),(53,508,'Click',4.0,8.6,99,'Adventure|Comedy|Drama|Fantasy|Romance'),(54,507,'Very Ordinary Couple (Yeonaeui Wondo)',1.9,3.6,85,'Comedy|Drama|Romance'),(55,502,'Tin Toy',1.9,7.4,172,'Animation|Children'),(56,506,'Night Train',8.4,9.0,135,'Drama|Mystery|Thriller'),(57,506,'Sorcerer',9.0,3.3,172,'Action|Thriller'),(58,501,'So Much Water',9.2,7.4,175,'Comedy|Drama'),(59,502,'Over the Hedge',2.5,9.2,128,'Adventure|Animation|Children|Comedy'),(60,505,'Winter of Frozen Dreams',6.7,3.8,117,'Crime|Drama'),(61,502,'Page of Madness, A (Kurutta ippêji)',5.6,6.1,166,'Drama|Horror'),(62,508,'Barbarella',5.8,5.5,141,'Adventure|Comedy|Sci-Fi'),(63,503,'Architect, The',1.3,4.4,147,'Drama'),(64,504,'Misadventures of Margaret, The',2.6,6.1,195,'Comedy|Romance'),(65,508,'Wonderful and Loved by All (Underbar och älskad av alla)',6.0,3.7,112,'Comedy'),(66,504,'Flodder in Amerika!',3.8,10.0,108,'Comedy'),(67,508,'Coma',4.1,8.2,86,'Thriller'),(68,502,'Sirocco',3.9,5.2,181,'Action|Drama'),(69,509,'Weekend',4.1,7.7,139,'Drama|Romance'),(70,506,'Daisy Miller',9.8,4.5,108,'Drama'),(71,505,'Spontaneous Combustion',8.1,6.5,189,'Horror|Sci-Fi|Thriller'),(72,502,'Woodsman and the Rain (Kitsutsuki to ame)',7.2,4.0,158,'Comedy|Drama'),(73,504,'Mystery Science Theater 3000: The Movie',9.9,7.5,147,'Comedy|Sci-Fi'),(74,504,'Buck Privates',8.8,5.4,172,'Comedy|Musical'),(75,504,'Why Me?',3.3,4.1,174,'Action|Adventure|Comedy|Crime'),(76,502,'If Winter Comes',6.3,7.1,140,'Drama'),(77,506,'Bloodsport 2 (a.k.a. Bloodsport II: The Next Kumite)',8.2,9.6,195,'Action'),(78,505,'Velvet Vampire, The',7.6,3.2,176,'Fantasy|Horror'),(79,504,'Dark Angel: Ascent, The',4.6,8.6,187,'Horror|Romance'),(80,505,'Comes a Bright Day',1.2,7.6,127,'Romance'),(81,502,'Wild Oranges',1.2,9.1,147,'Drama|Romance'),(82,506,'Mascara',3.9,9.7,113,'Drama'),(83,506,'Zarafa',9.6,3.0,136,'Animation'),(84,507,'Love\'s Enduring Promise',1.4,4.1,123,'Drama|Romance'),(85,505,'Jewel Robbery',9.5,3.0,139,'Comedy|Crime|Romance'),(86,501,'Two Loves',3.3,3.2,128,'Drama'),(87,506,'Fantomas Unleashed',2.1,9.0,194,'Adventure|Comedy|Crime|Fantasy'),(88,509,'Thousand Clowns, A',1.6,6.5,100,'Comedy|Drama|Romance'),(89,503,'Year of the Carnivore',3.4,6.4,88,'Comedy|Romance'),(90,502,'Longest Yard, The',1.9,8.2,103,'Comedy'),(91,502,'Fish Story (Fisshu sutôrî)',1.1,8.1,121,'Comedy'),(92,506,'Babadook, The',6.6,9.1,165,'Drama|Horror|Thriller'),(93,502,'Triplets of Belleville, The (Les triplettes de Belleville)',2.8,6.4,174,'Animation|Comedy|Fantasy'),(94,505,'Scorpion King, The',8.4,9.7,116,'Action|Adventure|Fantasy'),(95,501,'Champagne',2.0,5.4,164,'Comedy'),(96,502,'Sarah\'s Key (Elle s\'appelait Sarah)',9.8,9.2,158,'Drama'),(97,503,'Bourne Identity, The',4.8,9.7,95,'Action|Adventure|Drama|Mystery|Thriller'),(98,503,'Warlock: The Armageddon',6.3,5.9,182,'Horror'),(99,505,'Fistful of Fingers, A',4.3,7.3,142,'Comedy|Western'),(100,502,'Venus Boyz',9.1,4.7,86,'Documentary'),(101,509,'Substance: Albert Hofmann\'s LSD, The',4.1,8.7,166,'Documentary'),(102,506,'Those Awful Hats',8.6,7.5,142,'Comedy'),(103,505,'The Last Journey',7.7,5.2,125,'Crime|Drama'),(104,501,'Sleep Tight (Mientras duermes)',2.9,7.6,142,'Horror|Thriller'),(105,504,'Good Morning, Night (Buongiorno, notte)',8.5,7.5,128,'Drama'),(106,504,'Wolf Man, The',5.9,8.4,190,'Drama|Fantasy|Horror'),(107,502,'Burnt Money (Plata Quemada)',3.2,4.9,92,'Action|Crime|Drama|Romance|Thriller'),(108,502,'Tiresia',4.9,9.5,171,'Drama'),(109,503,'Massacre at Central High',8.4,7.8,125,'Drama|Horror|Thriller'),(110,504,'Happy Feet',3.4,4.5,103,'Adventure|Animation|Children|Comedy|IMAX'),(111,509,'Zombie (a.k.a. Zombie 2: The Dead Are Among Us) (Zombi 2)',7.0,4.7,177,'Horror'),(112,504,'Pat and Mike',7.1,6.2,183,'Comedy|Romance'),(113,503,'Strictly Ballroom',9.2,3.4,139,'Comedy|Romance'),(114,504,'Lucky Star',8.8,9.4,170,'Drama|Romance'),(115,503,'To Wong Foo, Thanks for Everything! Julie Newmar',1.1,5.5,169,'Comedy'),(116,509,'Dog Soldiers',3.8,8.3,121,'Action|Horror'),(117,501,'Place Promised in Our Early Days, The (Kumo no mukô, yakusoku no basho)',9.4,5.4,113,'Animation|Drama|Romance|Sci-Fi|War'),(118,503,'Santa\'s Apprentice',6.8,7.3,98,'Animation|Children'),(119,507,'U Turn',2.9,8.6,122,'Crime|Drama|Mystery'),(120,508,'Perfect World, A',6.0,9.4,173,'Crime|Drama|Thriller'),(121,507,'Wyvern',2.6,9.3,137,'Horror|Sci-Fi|Thriller'),(122,507,'Emergo (Apartment 143)',9.9,4.7,111,'Horror'),(123,503,'City of God (Cidade de Deus)',2.3,9.7,112,'Action|Adventure|Crime|Drama|Thriller'),(124,503,'Punk Singer, The',10.0,8.3,174,'Documentary'),(125,506,'Sisterhood of the Traveling Pants 2, The',9.5,3.9,194,'Adventure|Comedy|Drama|Romance'),(126,503,'Heavy Weather',9.4,4.7,118,'Comedy'),(127,508,'I\'ll Be Home For Christmas',2.2,7.6,156,'Comedy|Romance'),(128,507,'Asphalt Jungle, The',4.8,8.5,134,'Crime|Film-Noir'),(129,507,'Putney Swope',2.2,5.5,114,'Comedy'),(130,503,'Big Fix, The',6.0,3.2,128,'Comedy|Mystery|Thriller'),(131,503,'Giant of Marathon, The (Battaglia di Maratona, La)',9.8,8.4,189,'Action|Drama|War'),(132,503,'Will Ferrell: You\'re Welcome America - A Final Night with George W Bush',1.1,4.0,166,'Comedy'),(133,502,'Smoke on the Potato Fields (Dým bramborové nate)',5.3,6.0,92,'Drama'),(134,505,'Tie Me Up! Tie Me Down! (¡Átame!)',6.7,9.2,146,'Crime|Drama|Romance'),(135,506,'Eddie Izzard: Circle',7.0,5.5,196,'Comedy'),(136,506,'Lottery Ticket',8.2,5.8,182,'Comedy'),(137,502,'The Emperor of California',6.0,9.2,117,'Western'),(138,504,'12 Days of Terror',4.0,6.8,90,'Drama|Horror|Thriller'),(139,505,'Onegin',3.0,5.5,190,'Drama|Romance'),(140,501,'Host, The (Gwoemul)',2.3,5.9,129,'Comedy|Drama|Horror|Sci-Fi|Thriller'),(141,508,'Curtis\'s Charm',4.4,6.2,197,'Comedy|Drama'),(142,509,'Zig Zag',9.3,9.4,162,'Drama|Thriller'),(143,505,'Strange Cargo',2.2,6.9,112,'Drama'),(144,509,'Trojan War',1.4,6.0,137,'Comedy'),(145,504,'Arthur',2.1,4.8,179,'Comedy'),(146,501,'Brooklyn\'s Finest',6.8,9.1,132,'Crime|Drama|Thriller'),(147,502,'Bucktown',7.2,5.0,117,'Crime|Drama'),(148,501,'Legacy, The',1.3,5.7,162,'Horror'),(149,501,'Seems Like Old Times',5.9,3.6,139,'Comedy|Romance'),(150,501,'Immortal Beloved',1.7,5.1,104,'Drama|Romance'),(151,504,'Ten',9.5,6.0,136,'Drama'),(152,501,'Nine Dead',2.1,8.4,118,'Crime|Mystery|Thriller'),(153,504,'Death Note 2: The Last Name',1.7,6.4,88,'Adventure|Crime|Drama'),(154,505,'Amer',6.5,7.3,136,'Drama|Horror'),(155,504,'First Name: Carmen (Prénom Carmen)',5.8,3.1,171,'Crime|Drama|Romance'),(156,503,'Day Lincoln Was Shot, The',8.5,6.7,169,'Drama'),(157,507,'Prime Suspect 3',9.8,3.1,107,'Crime|Drama|Mystery'),(158,505,'Morning Patrol (Proini peripolos)',4.9,9.2,153,'Sci-Fi'),(159,509,'Love Streams',5.3,4.1,152,'Comedy|Drama'),(160,509,'Bambou',7.6,5.2,88,'Comedy'),(161,508,'Frogs for Snakes',4.8,4.4,117,'Comedy|Film-Noir|Thriller'),(162,508,'Monty Python\'s Life of Brian',1.7,7.4,114,'Comedy'),(163,506,'Bridge of Dragons',6.5,5.2,124,'Action|Romance|Sci-Fi|Thriller'),(164,509,'Straight to Hell',6.8,4.3,115,'Comedy|Crime|Western'),(165,509,'Starlift',6.7,9.2,196,'(no genres listed)'),(166,509,'Resurrected, The',4.7,3.8,117,'Horror'),(167,508,'Bill Burr: I\'m Sorry You Feel That Way',6.0,4.4,200,'Comedy'),(168,509,'Brute (Bandyta)',3.1,4.9,191,'Drama'),(169,507,'The Old Gun',7.5,8.6,144,'Drama|Thriller|War'),(170,509,'It\'s Alive',10.0,6.9,104,'Horror'),(171,502,'Scorcher',8.9,9.5,133,'Action|Sci-Fi'),(172,504,'Puzzlehead',1.6,3.4,127,'Drama|Sci-Fi'),(173,507,'G.I. Joe: Operation Dragonfire',2.0,9.5,187,'Action|Animation'),(174,501,'In Your Hands (Forbrydelser)',2.7,3.0,200,'Drama'),(175,508,'Seduction of Joe Tynan, The',10.0,3.7,183,'Drama'),(176,503,'Attack of the Giant Leeches',2.1,7.8,189,'Horror|Sci-Fi'),(177,505,'Keys to the House, The (Chiavi di casa, Le)',8.8,5.7,147,'Drama'),(178,501,'Keeper, The',7.0,8.5,100,'Crime|Drama|Thriller'),(179,502,'Mr. Nice Guy (Yat goh ho yan)',7.3,9.3,103,'Action|Comedy'),(180,505,'Such Good Friends',9.4,5.0,114,'Comedy|Drama'),(181,507,'Wit',9.2,9.8,196,'Drama'),(182,504,'Sexual Dependency (Dependencia sexual)',9.6,8.9,151,'Drama'),(183,503,'India: Matri Bhumi',8.3,7.9,159,'Documentary|Drama'),(184,506,'Holiday in Handcuffs',1.2,6.7,158,'Comedy|Romance'),(185,504,'Staying Together',9.5,9.6,112,'Comedy|Drama'),(186,504,'Love and Honor',2.0,9.3,117,'Drama|Romance'),(187,502,'I Now Pronounce You Chuck and Larry',1.0,5.5,103,'Comedy|Romance'),(188,505,'Ever After: A Cinderella Story',5.3,4.9,182,'Comedy|Drama|Romance'),(189,508,'Saving Otter 501',6.5,4.4,173,'Documentary'),(190,505,'Web of Death, The',9.8,6.5,160,'Action|Adventure|Fantasy|Horror'),(191,505,'Sweet November',7.0,3.7,186,'Drama|Romance'),(192,509,'Guerrilla: The Taking of Patty Hearst',2.3,9.8,150,'Documentary'),(193,502,'Bebe\'s Kids',2.4,9.3,108,'Animation|Children|Comedy'),(194,508,'All is Bright',2.1,8.6,170,'Comedy|Drama'),(195,508,'House on Sorority Row, The',5.1,10.0,112,'Horror|Mystery|Thriller'),(196,509,'Xtro 3: Watch the Skies',7.0,4.3,91,'Horror|Sci-Fi'),(197,506,'We Are The Night (Wir sind die Nacht)',7.1,4.2,142,'Drama|Fantasy|Horror'),(198,505,'Chain of Fools',5.5,6.7,191,'Comedy|Crime'),(199,504,'Metropia',2.6,9.4,135,'Animation|Sci-Fi'),(200,508,'Lucie Aubrac',4.6,7.5,138,'Romance|War'),(201,507,'Flower & Garnet',7.0,7.9,155,'Drama'),(202,504,'Ladder 49',2.3,9.1,200,'Action|Drama|Thriller'),(203,509,'Armageddon 2012',1.5,5.8,157,'Sci-Fi'),(204,503,'Among Us (Onder Ons)',1.1,4.7,139,'Drama'),(205,502,'Enter the Phoenix (Da lao ai mei li)',8.2,5.7,175,'Action|Comedy'),(206,509,'Road House',3.4,5.2,110,'Drama|Film-Noir'),(207,507,'Wild China',7.3,8.0,100,'Documentary'),(208,505,'Puccini for Beginners',7.9,4.5,88,'Comedy|Romance'),(209,509,'Four Christmases',1.7,5.8,118,'Comedy'),(210,503,'Garden State',2.9,8.7,135,'Comedy|Drama|Romance'),(211,509,'Gone',2.0,9.2,152,'Drama|Thriller'),(212,508,'Ainoat Oikeat',7.6,9.9,144,'Comedy'),(213,507,'Sweetgrass',3.1,3.8,134,'Adventure|Documentary|Western'),(214,505,'The Wonders',9.1,9.0,124,'Drama'),(215,505,'Fahrenheit 451',6.6,8.9,193,'Drama|Sci-Fi'),(216,508,'Catch That Kid',9.8,7.2,181,'Action|Adventure|Children|Comedy|Crime'),(217,509,'Red Planet',2.5,9.1,86,'Action|Sci-Fi|Thriller'),(218,504,'Legend of Bagger Vance, The',1.8,8.3,127,'Drama|Romance'),(219,501,'Infernal Affairs (Mou gaan dou)',9.5,4.1,157,'Crime|Drama|Thriller'),(220,505,'Family Band: The Cowsills Story ',1.7,3.2,115,'Documentary'),(221,503,'Running Free',10.0,3.5,134,'Adventure|Children|Drama'),(222,502,'Violent City (Family, The) (Città violenta)',7.0,4.6,126,'Action|Crime|Drama'),(223,501,'To the Devil a Daughter',1.1,8.6,92,'Fantasy|Horror|Mystery'),(224,502,'Fog of War: Eleven Lessons from the Life of Robert S. McNamara, The',5.5,3.3,143,'Documentary|War'),(225,509,'Blue Collar Comedy Tour: The Movie',5.1,3.2,139,'Comedy|Documentary'),(226,506,'Herman\'s House',6.8,6.8,94,'Crime|Documentary'),(227,503,'The Adventures of André and Wally B.',8.2,7.3,152,'Animation'),(228,509,'Legend of Boggy Creek, The',8.7,4.0,116,'Drama|Horror|Mystery|Thriller'),(229,509,'009 Re: Cyborg',6.2,4.9,85,'Action|Animation|Sci-Fi'),(230,508,'I Bought a Vampire Motorcycle',7.5,7.7,112,'Comedy|Horror'),(231,503,'Brasher Doubloon, The',8.1,7.3,98,'Crime|Drama|Film-Noir|Mystery'),(232,505,'Year of Living Dangerously, The',4.2,5.3,151,'Drama|Romance|War'),(233,503,'Our Children (À perdre la raison)',5.0,8.0,185,'Drama'),(234,503,'Private Lives of Pippa Lee, The',1.8,5.1,172,'Drama'),(235,507,'Pretty Devils',7.4,8.6,113,'Comedy|Drama'),(236,501,'Battle of Shaker Heights, The',5.2,3.7,188,'Comedy|Drama|Romance'),(237,503,'Me, Myself and Mum (Les garçons et Guillaume, à table!)',3.7,6.2,159,'Comedy'),(238,506,'Big Hero 6',7.1,5.7,174,'Action|Animation|Comedy'),(239,505,'Fourth Kind, The',5.0,4.4,95,'Horror|Mystery|Sci-Fi|Thriller'),(240,503,'Nibelungen: Kriemhild\'s Revenge, Die (Die Nibelungen: Kriemhilds Rache)',1.7,6.7,141,'Adventure|Drama|Fantasy'),(241,508,'Taira Clan Saga, The (Shin heike monogatari)',9.6,9.0,165,'Drama'),(242,507,'No',2.3,9.4,116,'Drama'),(243,509,'The Emperor\'s Candlesticks',6.3,3.7,189,'Drama|Romance'),(244,503,'On the Road',8.7,9.0,96,'Adventure|Drama'),(245,507,'Hail Mary (\'Je vous salue, Marie\')',8.9,6.1,189,'Drama'),(246,503,'Keeping the Faith',1.5,8.1,167,'Comedy|Drama|Romance'),(247,504,'Warren Oates: Across the Border',2.0,6.1,111,'Documentary'),(248,501,'Los Flamencos',3.6,4.6,122,'Comedy'),(249,504,'Summit, The',8.1,6.3,111,'Documentary'),(250,504,'Dark Tide',6.5,9.2,125,'Adventure|Drama|Thriller'),(251,507,'My Best Fiend (Mein liebster Feind)',6.7,5.5,154,'Documentary'),(252,505,'Tears of the Sun',9.7,5.7,128,'Action|Drama|Thriller'),(253,506,'Valentine',5.9,3.0,153,'Horror|Mystery'),(254,507,'Last Emperor, The',8.6,3.7,142,'Drama'),(255,509,'Vertical Features Remake',4.0,3.0,104,'Documentary'),(256,509,'Gods Must Be Crazy III, The (a.k.a. Crazy Safari) (Fei zhou he shang)',1.6,8.9,99,'Comedy|Fantasy'),(257,507,'Bloody New Year',8.3,4.4,96,'Horror|Mystery'),(258,503,'Carpetbaggers, The',2.3,4.3,137,'Drama'),(259,509,'Go for Zucker! (Alles auf Zucker!)',5.5,5.4,174,'Comedy'),(260,507,'Lan Yu',1.6,3.9,129,'Drama|Romance'),(261,501,'For a Woman (Pour une femme)',9.5,5.4,134,'Drama|Romance|War'),(262,509,'Standing in the Shadows of Motown',8.8,5.9,143,'Documentary|Musical'),(263,501,'Hello Herman',7.2,3.9,188,'Drama'),(264,502,'Sweet Mud (Adama Meshuga\'at)',9.7,6.0,180,'Drama'),(265,502,'Lodger, The',3.4,3.7,194,'Crime|Horror|Mystery|Thriller'),(266,503,'Videocracy (Videocracy - Basta apparire)',1.5,4.8,110,'Documentary'),(267,507,'L\'antisémite',7.9,6.9,99,'Comedy'),(268,507,'Pajeczarki',8.5,9.6,138,'Action|Comedy'),(269,509,'Beautiful Thing',2.2,9.7,117,'Drama|Romance'),(270,504,'Casper Meets Wendy',7.0,8.7,197,'Adventure|Children|Comedy|Fantasy'),(271,505,'Delirious',2.1,9.8,174,'Comedy'),(272,505,'Sorority Row',3.6,4.4,85,'Horror|Thriller'),(273,508,'Runaway',7.5,7.3,180,'Action|Animation|Comedy'),(274,501,'Suzanne\'s Diary for Nicholas',1.2,5.2,140,'Drama|Romance'),(275,508,'Earth',5.4,7.9,151,'Documentary'),(276,504,'Boomerang',4.0,9.0,184,'Crime|Drama|Film-Noir'),(277,506,'Needing You... (Goo naam gwa neui)',8.9,8.6,90,'Comedy|Romance'),(278,501,'Léon Morin, Priest (Léon Morin, prêtre)',9.0,5.8,147,'Drama'),(279,503,'There\'s Only One Sun',1.1,7.7,92,'Drama'),(280,509,'Tarnished Angels, The',4.2,6.4,190,'Drama'),(281,506,'Edges of the Lord',10.0,3.2,94,'Drama|War'),(282,508,'Wedding Gift, The',9.6,6.8,178,'Drama|Romance'),(283,506,'One Night of Love',2.0,3.8,101,'Romance'),(284,506,'Sea, The (Hafið)',6.5,4.6,192,'Drama'),(285,506,'Abbott and Costello Meet Captain Kidd',8.1,6.6,156,'Adventure|Comedy|Musical'),(286,504,'Broken Arrow',7.9,9.7,176,'Drama|Romance|Western'),(287,509,'49th Parallel',7.0,6.9,198,'Adventure|Drama|Thriller|War'),(288,504,'102 Dalmatians',2.8,7.5,90,'Children|Comedy'),(289,505,'Dragonphoenix Chronicles: Indomitable, The',7.6,3.4,104,'Action|Adventure|Fantasy'),(290,501,'Fritz the Cat',9.0,3.5,134,'Animation'),(291,502,'Morphia (Morfiy)',6.2,9.0,184,'Drama'),(292,508,'Blood Runs Cold',4.3,8.0,141,'Horror'),(293,504,'The Hunger Games: Mockingjay - Part 1',4.3,9.8,165,'Adventure|Sci-Fi|Thriller'),(294,501,'Last Stand, The',9.2,5.6,152,'Action|Crime|Thriller'),(295,501,'Inferno',6.6,10.0,126,'Drama'),(296,507,'Deaths of Ian Stone, The',9.0,6.2,182,'Horror|Thriller'),(297,505,'Call Girl',4.4,3.9,194,'Drama|Thriller'),(298,507,'Blue Collar Comedy Tour: The Movie',3.2,4.6,182,'Comedy|Documentary'),(299,508,'Africa: Texas Style',5.4,7.1,177,'Adventure|Western'),(300,507,'Love Before Breakfast',5.0,9.1,96,'Comedy|Romance');
/*!40000 ALTER TABLE `Movies` ENABLE KEYS */;
UNLOCK TABLES;

--
-- Table structure for table `Prequel/Sequel`
--

DROP TABLE IF EXISTS `Prequel/Sequel`;
/*!40101 SET @saved_cs_client     = @@character_set_client */;
/*!40101 SET character_set_client = utf8 */;
CREATE TABLE `Prequel/Sequel` (
  `PrequelID` int(3) DEFAULT NULL,
  `Movie` int(3) NOT NULL,
  `SequelID` int(3) DEFAULT NULL,
  PRIMARY KEY (`Movie`),
  KEY `PrequelID` (`PrequelID`),
  CONSTRAINT `Prequel/Sequel_ibfk_1` FOREIGN KEY (`PrequelID`) REFERENCES `Movies` (`Movie_id`)
) ENGINE=InnoDB DEFAULT CHARSET=utf8;
/*!40101 SET character_set_client = @saved_cs_client */;

--
-- Dumping data for table `Prequel/Sequel`
--

LOCK TABLES `Prequel/Sequel` WRITE;
/*!40000 ALTER TABLE `Prequel/Sequel` DISABLE KEYS */;
INSERT INTO `Prequel/Sequel` VALUES (170,1,137),(35,13,34),(273,17,144),(126,28,131),(236,38,104),(38,39,210),(189,44,147),(45,54,267),(100,58,31),(162,59,28),(146,60,6),(141,64,273),(134,65,10),(138,78,261),(297,83,7),(4,87,6),(279,89,55),(139,93,195),(82,96,36),(259,110,17),(101,115,81),(269,118,19),(156,119,275),(37,126,118),(31,128,274),(46,129,223),(228,132,246),(194,139,258),(104,146,182),(203,148,284),(29,150,76),(211,153,64),(270,155,238),(207,156,200),(277,159,209),(226,170,286),(298,174,247),(9,175,272),(189,178,79),(151,180,134),(268,181,199),(75,183,156),(43,185,143),(253,186,168),(231,187,163),(246,193,11),(248,196,240),(22,198,130),(275,199,14),(81,202,227),(200,203,54),(242,204,92),(15,208,102),(105,212,202),(75,213,277),(295,220,232),(34,226,157),(165,236,222),(278,240,264),(133,249,268),(203,260,216),(274,273,279),(271,277,264),(262,278,224),(25,279,251),(252,280,141),(289,286,169),(9,287,286),(267,291,100),(209,293,72),(216,300,64);
/*!40000 ALTER TABLE `Prequel/Sequel` ENABLE KEYS */;
UNLOCK TABLES;

--
-- Table structure for table `Production_Houses`
--

DROP TABLE IF EXISTS `Production_Houses`;
/*!40101 SET @saved_cs_client     = @@character_set_client */;
/*!40101 SET character_set_client = utf8 */;
CREATE TABLE `Production_Houses` (
  `PHID` int(11) NOT NULL,
  `LoginID` varchar(40) NOT NULL,
  `Overall_Rating` float(5,2) DEFAULT NULL,
  `Name` varchar(40) NOT NULL,
  PRIMARY KEY (`PHID`),
  UNIQUE KEY `LoginID` (`LoginID`)
) ENGINE=InnoDB DEFAULT CHARSET=utf8;
/*!40101 SET character_set_client = @saved_cs_client */;

--
-- Dumping data for table `Production_Houses`
--

LOCK TABLES `Production_Houses` WRITE;
/*!40000 ALTER TABLE `Production_Houses` DISABLE KEYS */;
INSERT INTO `Production_Houses` VALUES (501,'Lionsgate',0.00,'Lionsgate'),(502,'Warner',0.00,'Warner Bros.'),(503,'Sony',0.00,'Sony Pictures Motion Picture Group'),(504,'Universal',0.00,'Universal Pictures'),(505,'Fox',0.00,'20th Century Fox'),(506,'Paramount',0.00,'Paramount Pictures'),(507,'Weinstien',0.00,'The Weinstein Company'),(508,'Metro',0.00,'Metro-Goldwyn-Mayer Studios'),(509,'Dreamworks',0.00,'DreamWorks Pictures');
/*!40000 ALTER TABLE `Production_Houses` ENABLE KEYS */;
UNLOCK TABLES;

--
-- Table structure for table `Starcast`
--

DROP TABLE IF EXISTS `Starcast`;
/*!40101 SET @saved_cs_client     = @@character_set_client */;
/*!40101 SET character_set_client = utf8 */;
CREATE TABLE `Starcast` (
  `MovieID` int(3) NOT NULL,
  `ArtistID` int(11) NOT NULL,
  `Character name` varchar(24) NOT NULL,
  PRIMARY KEY (`MovieID`,`ArtistID`),
  KEY `ArtistID` (`ArtistID`),
  CONSTRAINT `Starcast_ibfk_1` FOREIGN KEY (`MovieID`) REFERENCES `Movies` (`Movie_id`),
  CONSTRAINT `Starcast_ibfk_2` FOREIGN KEY (`ArtistID`) REFERENCES `Artists` (`ArtistID`)
) ENGINE=InnoDB DEFAULT CHARSET=utf8;
/*!40101 SET character_set_client = @saved_cs_client */;

--
-- Dumping data for table `Starcast`
--

LOCK TABLES `Starcast` WRITE;
/*!40000 ALTER TABLE `Starcast` DISABLE KEYS */;
INSERT INTO `Starcast` VALUES (1,41,'Sharity Salamon'),(1,101,'Suzi Iorizzi'),(1,170,'Edwin Gozney'),(1,185,'Sol O\'Mannion'),(1,216,'Inessa McNeilly'),(1,220,'Gerianna Jochanany'),(2,117,'Javier O\'Mailey'),(3,143,'Lynnette Broy'),(3,236,'Anett Chaster'),(3,274,'Bridgette MacCoughan'),(3,277,'Norrie Jiroudek'),(4,8,'Jessee Haydock'),(4,32,'Julienne Dillinton'),(5,5,'Patrizio Heustice'),(5,12,'Kinny Huddleston'),(5,106,'Dody Burnsyde'),(5,221,'Ferd Ash'),(5,225,'Giralda Fielder'),(6,243,'Emmye Bromley'),(6,264,'Britte Richemond'),(7,59,'Bear Scud'),(7,68,'Maia Demschke'),(7,86,'Raine McConnell'),(7,126,'Erskine Rait'),(7,213,'Blinni Wollaston'),(7,227,'Margery Tarren'),(7,244,'Antonio McLeese'),(7,279,'Jaimie Wadly'),(8,54,'Honor Zmitrovich'),(8,57,'Kanya Orehead'),(8,85,'Octavius McDermott'),(8,93,'Ermentrude Falshaw'),(9,56,'Helga Hefner'),(9,86,'Harriett Santo'),(9,104,'Cherie Aiskrigg'),(9,211,'Pollyanna Heape'),(9,267,'Amye Brandi'),(9,289,'Eudora Pardal'),(11,9,'Evelin Collings'),(11,210,'Roley Houlahan'),(12,91,'Garfield Motto'),(13,44,'Hermy Kindred'),(13,98,'Johanna Phuprate'),(13,217,'Godfree Legge'),(13,253,'Gaby McBlain'),(13,260,'Cristy Wondraschek'),(14,120,'Gwenora Arnolds'),(14,137,'Kennett Merill'),(14,141,'Harriet Sporton'),(14,263,'Shermy Fetterplace'),(15,25,'Agace Casella'),(15,58,'Valery Weatherburn'),(15,165,'Lesley Gerant'),(16,21,'Mike Franscioni'),(16,134,'Jeanine Cattlemull'),(16,155,'Keelia Blakely'),(16,188,'Sidney Trehearn'),(16,264,'Becki Stollmeier'),(16,275,'Kip Jeandel'),(17,73,'Tome Dmitriev'),(18,177,'Jannelle Roullier'),(18,193,'Jecho Alvey'),(19,54,'Sergeant Peggram'),(19,75,'Lynn Buffham'),(19,84,'Burke Redd'),(19,262,'Huntlee Romanet'),(20,82,'Wendi Spraging'),(20,227,'Jewel Westgate'),(21,23,'Rona Waskett'),(21,96,'Pebrook Presdee'),(21,213,'Mychal Quinton'),(21,282,'Roz Possek'),(22,48,'Georgeanne Brady'),(22,118,'Elwin Lewsey'),(22,205,'Wilfrid Stebbin'),(22,259,'Fiona Stigell'),(23,36,'Kalila Bum'),(24,77,'Ki McChruiter'),(25,105,'Anderson Chadwen'),(25,135,'Chadwick Piddick'),(25,240,'Darci Tuckie'),(26,22,'Alphonso Olley'),(26,24,'Carolin Tomson'),(26,129,'Tobe McGuigan'),(27,76,'Hortense Keenleyside'),(27,127,'Andrea Mainstone'),(28,24,'Shaughn Hryncewicz'),(28,164,'Franni Klyn'),(29,69,'Nadiya Ply'),(29,84,'Mathian Mancer'),(29,155,'Renie MacGillivrie'),(29,175,'Clerc Drust'),(29,186,'Rupert Yvon'),(29,204,'Roseanne Midgley'),(29,251,'Timmie Rendle'),(29,254,'Zandra Puttock'),(29,284,'Rey Duxbury'),(30,8,'Humphrey Andriulis'),(30,147,'Cori Ranscombe'),(30,178,'Berky Ingham'),(31,78,'Andrey Keddey'),(31,202,'Conan Cawston'),(31,239,'Lorine Feige'),(31,264,'Jeramey Togher'),(32,92,'Osmond Moulin'),(32,197,'Zerk Bengefield'),(32,267,'Rickey Skotcher'),(33,29,'Katalin Mougin'),(33,152,'Wildon Mayfield'),(33,286,'Sheelagh Boag'),(34,64,'Melly Boardman'),(34,152,'Bronnie Murrish'),(35,55,'Gauthier Ghio'),(35,67,'Bambi Bristoe'),(35,155,'Gabriel Gosnold'),(35,216,'Wallas Kemball'),(36,34,'Lynn Spinley'),(36,110,'Giraldo Leatham'),(36,149,'Petunia Yanyushkin'),(36,217,'Sawyere Murrhaupt'),(37,56,'Jessamine MacIntyre'),(37,57,'Buddy Prosh'),(38,184,'Kimble MacWilliam'),(39,152,'Raven Colt'),(39,154,'Glory Beeching'),(39,165,'Ricki Risby'),(40,69,'Lowell Josefson'),(40,116,'Adrianne Medley'),(40,210,'Sylas Fison'),(40,220,'Henrieta Helis'),(41,14,'Johna Very'),(41,51,'Antonino Djakovic'),(41,100,'Marcile Labbez'),(41,102,'Darrelle Dietz'),(42,51,'Dominique Mulligan'),(42,120,'Antone Comi'),(42,181,'Griffie Coady'),(42,199,'Nora Kedie'),(42,240,'Alexi Dumke'),(43,12,'Hamlin Naughton'),(43,86,'Burk Figure'),(43,170,'Melodee Bantick'),(44,36,'Ailyn Bricket'),(44,263,'Gifford Corssen'),(44,266,'Louella Arnett'),(44,294,'Xena Kmieciak'),(45,51,'Rudd Grellis'),(45,93,'Beltran Aubert'),(45,154,'Sonny Fryatt'),(45,180,'Kristan Sturgis'),(46,5,'Row Scoterbosh'),(46,9,'Jessee Beau'),(46,112,'Barbara-anne Sissland'),(46,189,'Kristy Kinworthy'),(46,226,'Dalila Works'),(47,87,'Brooks Francescotti'),(47,186,'Mord Camden'),(47,223,'Corabelle Bonifant'),(47,257,'Skippie Tuplin'),(47,289,'Ardene Wolfart'),(48,21,'Bertram Phibb'),(48,207,'Olive McAlpine'),(48,263,'Jarrod Fiveash'),(49,3,'Marika Janoschek'),(49,59,'Abigail Kepe'),(49,77,'Lezlie Letterick'),(49,90,'Shana Lambertz'),(49,91,'Lucretia Simmell'),(49,141,'Eadie Sings'),(49,157,'Kerry Vany'),(49,290,'Inglis Drought'),(50,26,'Arvy Barsby'),(50,40,'Benoite Cressey'),(50,160,'Perrine Robus'),(50,196,'Hardy Padkin'),(50,208,'Garey Guerrero'),(50,266,'Amelina Titt'),(51,16,'Vernice Croke'),(51,35,'Godfrey Checkley'),(51,162,'Maybelle Josefs'),(51,259,'Robin Basill'),(52,18,'Lind Balassa'),(52,95,'Stacee Clifford'),(52,152,'Nilson Grenkov'),(52,219,'Gradey Aspel'),(52,221,'Sayres Brastead'),(52,291,'Inge Popelay'),(52,295,'Veradis Cypler'),(53,120,'Gisela Hedger'),(54,133,'Caria Emberton'),(54,233,'Farris Dun'),(55,44,'Jodie Bellord'),(55,108,'Artair Demelt'),(57,52,'Aidan Hemeret'),(57,168,'Drugi Greatex'),(57,217,'Anabelle Crudge'),(58,30,'Judie Ferentz'),(58,38,'Robyn Clayal'),(58,94,'Avril Ebertz'),(58,139,'Kele Leishman'),(59,46,'Fawnia Battany'),(60,78,'Fionnula Paling'),(60,95,'Egan Thandi'),(60,98,'Dickie Banke'),(60,169,'Kirstyn Passie'),(61,20,'Meris Biasio'),(61,49,'Ophelie Paskell'),(61,274,'Yasmeen Rochelle'),(62,116,'Martelle Rosenstengel'),(62,210,'Lloyd Korba'),(63,72,'Neysa Britt'),(64,12,'Walther Tolhurst'),(64,244,'Emogene Kilmurray'),(65,9,'Katrine Isham'),(65,22,'Davina Barns'),(65,210,'Novelia Haney'),(66,19,'Karol Fenemore'),(66,45,'Nata Postians'),(66,148,'Sigfried Musicka'),(66,240,'Ryun Bramford'),(67,28,'Denny Lythgoe'),(67,70,'Earle Heys'),(68,46,'Rockey Craven'),(68,95,'Vincenty Echalie'),(68,183,'Gerladina Farman'),(68,185,'Gayle Meins'),(68,204,'Eleonore Chasson'),(68,268,'Sonni Dackombe'),(69,80,'Rollo Basill'),(69,291,'Roscoe MacDermand'),(70,160,'Benedicto Jiggle'),(71,22,'Mace Brinkworth'),(71,41,'Hercule Cordner'),(71,143,'Gonzalo Ewenson'),(72,215,'Valentia Pasterfield'),(72,233,'Nap Enocksson'),(72,275,'Cristin Tapson'),(73,37,'Juliet Godden'),(73,120,'Jule Brahm'),(73,237,'Craig Cleever'),(74,153,'Faun Heald'),(74,179,'Clark Sproson'),(75,29,'Gabriellia Letixier'),(75,104,'Fonsie Longland'),(75,221,'Kippie Golledge'),(76,27,'Madelina Cahalin'),(76,125,'Rand Messent'),(77,11,'Matthaeus Bladesmith'),(77,13,'Iona Isitt'),(77,52,'Nolan Hugle'),(77,137,'Klarrisa Binch'),(77,206,'Jonis Ridd'),(77,232,'Waring Pates'),(77,261,'Lisa Davsley'),(77,286,'Conni Probets'),(77,287,'Lonny Pitblado'),(78,100,'Renae Ruggieri'),(78,208,'Tobe Broadway'),(78,240,'Tami MacIlraith'),(78,295,'Archie Bensley'),(79,49,'Gayler Ewbank'),(79,69,'Ferguson Ivanichev'),(79,212,'Letizia Tregidga'),(79,215,'Stefan Beat'),(80,171,'Boote Luberti'),(80,254,'Elset Dysert'),(80,296,'Lonny Pedroli'),(81,48,'Kinna Hunnaball'),(81,286,'Kimbra Gudger'),(82,3,'Ofilia McClay'),(82,46,'Willi Maggill\'Andreis'),(82,60,'Trumann Beteriss'),(82,138,'Ibrahim Weber'),(82,151,'Doria Casellas'),(83,116,'Dru McFadyen'),(83,152,'Barbabas Hannam'),(83,187,'Normie Oloshin'),(83,212,'Ian Meredyth'),(84,93,'Giovanna Alderson'),(84,96,'Nealon Boldecke'),(84,101,'Roby Gownge'),(84,102,'Germaine Chaudrelle'),(84,160,'Virgie Schoolcroft'),(84,178,'Carlye Gaines'),(84,219,'Verena Trulocke'),(86,30,'Olimpia Sailer'),(87,83,'Jillian Chazette'),(88,104,'Robinette Berrane'),(88,273,'Layney Rustan'),(89,71,'Corena Ritchard'),(89,193,'Algernon Tremelling'),(90,108,'Melisa Elbourn'),(90,159,'Marylinda Snartt'),(91,49,'Jaquenetta McAnellye'),(91,293,'Rosaline Furlong'),(92,212,'Wanids Foat'),(93,80,'Marj Raylton'),(93,160,'Dermot Whatford'),(94,48,'Nolly Bacher'),(94,67,'Wanids Pimmocke'),(94,259,'Jada Cregeen'),(94,290,'Rayshell Ayrs'),(95,95,'Pet Whipp'),(95,111,'Reuven Varney'),(95,197,'Anett Courteney'),(95,294,'Dixie Kerby'),(95,295,'Hanni Giller'),(96,78,'Robby Padden'),(96,114,'Katee Roskruge'),(96,196,'Caye Copsey'),(96,205,'Zach Hyett'),(96,206,'Gayle Windley'),(96,277,'Corrianne Hughes'),(96,279,'Beverly Siddons'),(97,49,'Lyssa Greener'),(97,107,'Rudolfo Swale'),(97,171,'Dedra De Vaux'),(97,202,'Normy Rimell'),(97,295,'Mamie Grenkov'),(98,120,'Levi Gyrgorwicx'),(98,206,'Broderick Loseke'),(98,237,'Rafferty Pashe'),(98,242,'Sanders Koenraad'),(98,259,'Pieter Rengger'),(98,282,'Ryann Di Biagi'),(99,22,'Cori Ewington'),(99,77,'Even Killock'),(99,238,'Izaak Bacop'),(99,273,'Danie McJarrow'),(100,232,'Barbe Fowlie'),(101,3,'Cammie Drane'),(101,10,'Jemie Cantle'),(101,21,'Neill Kermeen'),(101,50,'Matthiew Grenville'),(101,62,'Scott Maskew'),(101,84,'Thorndike Fortin'),(101,116,'Colas Bensusan'),(101,182,'Wilburt McCard'),(102,236,'Mahalia Harvard'),(102,290,'Carly Behninck'),(103,44,'Eamon Purcer'),(103,206,'Mattheus O\'Toole'),(103,261,'Valry Pardew'),(103,264,'Wynn Havis'),(104,113,'Darby Zieme'),(104,122,'Bendix Bilsborrow'),(104,160,'Roldan Ilott'),(104,294,'Morgana Von Helmholtz'),(105,96,'Alyssa Shand'),(106,100,'Matty Bouskill'),(106,108,'Tawsha Burfitt'),(106,134,'Nevins Grinstead'),(107,186,'Lacy Keeping'),(107,202,'Suzy Hocking'),(107,203,'Gerick Timlett'),(107,294,'Mabelle Hacaud'),(108,8,'Ulrikaumeko Wethered'),(108,17,'Mommy Malitrott'),(108,123,'Caril Tyne'),(109,177,'Farleigh Pretley'),(109,185,'Tiffany Blackstock'),(109,195,'Bruis Scurrah'),(109,289,'Carlene Houldin'),(110,55,'Victoria Bradbrook'),(110,156,'Eilis Lujan'),(110,283,'Marietta Planke'),(111,20,'Charla Geri'),(111,130,'Bing Mainland'),(111,215,'Shirlene Bunker'),(111,260,'Austine Maffia'),(112,175,'Janette Gieraths'),(112,258,'Andrey Rosenschein'),(112,268,'Mavis Stubbings'),(113,32,'Tanny Tunnah'),(113,36,'Stephine Carlesso'),(113,43,'Alexandrina Pitcaithly'),(113,62,'Brigid Broune'),(113,105,'Vi Wombwell'),(113,112,'Tuesday Shillington'),(113,153,'Artemas Gotch'),(113,234,'Farrah Mullinger'),(113,246,'Sylvester Moynham'),(114,93,'Matthew Bettesworth'),(114,118,'Chloris Juste'),(114,201,'Mignon Bakewell'),(114,288,'Elysee Snalum'),(115,160,'Ddene Acarson'),(115,197,'Finlay Magwood'),(116,117,'Mariel Neicho'),(116,289,'Hamlin Blankau'),(116,292,'Irvin Labeuil'),(117,9,'Jocelin Hellsdon'),(117,124,'Johnna Langton'),(117,286,'Hervey Ahrendsen'),(118,44,'Buiron Raubenheimers'),(118,158,'Fernande Ferencowicz'),(118,210,'Douglass Aronsohn'),(119,56,'Sharon Brompton'),(119,73,'Angil Pimblotte'),(119,217,'Jennette McGuinness'),(119,256,'Alisha Casetti'),(120,36,'Kimball Furlong'),(121,17,'Land Shallcross'),(121,106,'Gifford Colebourn'),(122,43,'Joelynn Kershow'),(122,75,'Austen Secrett'),(122,98,'Alf Coffey'),(122,258,'Dory Cayle'),(123,55,'Corie Pettigree'),(123,129,'Vale Duffree'),(123,245,'Lane Garley'),(123,253,'Katrinka Risom'),(124,214,'Lindsay Chamberlaine'),(124,273,'Valerye Morrell'),(125,209,'Avery Lockery'),(126,10,'Dorotea Stegers'),(126,85,'Zarla Roch'),(126,108,'Hort Faughnan'),(127,33,'Nevile Owain'),(127,116,'Rosa Meckiff'),(127,233,'Kanya Seyler'),(127,262,'Tiphanie Henri'),(127,281,'Zena Dance'),(127,298,'Dorita Scottini'),(128,20,'Correy Hayller'),(128,253,'Arlin Capstaff'),(129,18,'Robbyn Jalland'),(129,85,'Pierre Pavlishchev'),(129,106,'Morgana Vasilchenko'),(129,173,'Berny Penrice'),(129,229,'Tom Senechell'),(129,245,'Rosemary Carreck'),(129,280,'Tanya Piggen'),(130,7,'Lee Shire'),(130,171,'Alvera Varfolomeev'),(130,222,'Petronella Pineaux'),(130,231,'Rem Darrell'),(131,8,'Gill Robun'),(131,17,'Jackie Stampe'),(131,55,'Jodi Benini'),(131,77,'Leland Newrick'),(131,78,'Missy Mullally'),(131,140,'Dorelia Everist'),(132,11,'Nita Haking'),(132,22,'Sacha Pardie'),(132,184,'Faustina Petrolli'),(133,17,'Carrissa Sleicht'),(133,160,'Saunderson Dunmore'),(133,227,'Angel Vlasyuk'),(134,53,'Faye MacColgan'),(134,107,'Maje Seawright'),(134,142,'Timmie Allport'),(134,166,'Mirabelle Bundy'),(134,235,'Travis Ianiello'),(134,239,'Alison Bichener'),(135,130,'Sallee Curragh'),(135,232,'Cyndia Stichall'),(135,235,'Ciel Warsop'),(135,259,'Merrill Kondratenko'),(136,172,'Werner O\' Hern'),(137,18,'Fawnia Dreye'),(137,30,'Cully Totterdill'),(137,48,'Broddy Lubman'),(137,62,'Roxane Lared'),(137,149,'Vinson Lidierth'),(137,204,'Morgen Alennikov'),(138,68,'Alison Cassells'),(138,94,'Arnie Willcock'),(138,199,'Aura Baughen'),(138,279,'Kahlil Boote'),(139,86,'Marco Steen'),(139,190,'Wally Pepper'),(139,258,'Mari Parade'),(139,277,'Moises Hedau'),(140,3,'Karolina Kendred'),(140,45,'Moyna Norrington'),(140,84,'Sayre Brymner'),(140,108,'Kettie Lockhart'),(140,144,'Verne Apps'),(140,166,'Bobina Trythall'),(140,235,'Philippe Stealy'),(140,270,'Anita Brech'),(140,296,'Selestina Peoples'),(141,81,'Rozalie Carrivick'),(141,171,'Ofelia Benedite'),(141,222,'Alene Keyworth'),(141,263,'Nerta Drinkhall'),(142,9,'Bambie Sisey'),(142,16,'Norri Rittmeyer'),(142,131,'Katherine Hemms'),(142,227,'Mark Domnick'),(143,19,'Miguela Boulder'),(143,148,'Robbert Rubenovic'),(143,163,'Sherwynd Ida'),(144,222,'Gerladina Hanbury'),(145,156,'Janetta Sewter'),(145,232,'Ringo Almack'),(146,66,'Anastassia Rispin'),(147,30,'Lek Scougal'),(147,113,'Madella Ziemens'),(147,174,'Yves Quainton'),(147,243,'Edouard Irlam'),(148,62,'Phylis Luke'),(148,257,'Ynez Growcock'),(149,12,'Christalle Danat'),(149,168,'Celisse Clandillon'),(150,106,'Jena Mustill'),(150,154,'Aileen Smallpeace'),(151,64,'Hiram Hawick'),(151,246,'Wilhelmina Rickman'),(152,95,'Rosaline Farren'),(152,116,'Elbertine Kenneway'),(152,142,'Dominga Antao'),(152,230,'Griffie Colten'),(152,264,'Codie Forsyde'),(153,123,'Emmy Gun'),(154,30,'Violetta Slobom'),(154,120,'Angelico Cattrell'),(154,166,'Marieann Dorey'),(155,21,'Mamie Habert'),(155,24,'Nixie Adriani'),(155,40,'Aloisia Leah'),(156,23,'Jdavie Mordue'),(156,45,'Pepe Hiland'),(157,16,'Faye MacDuff'),(157,171,'Rosa Deverock'),(158,1,'Romona Gatward'),(158,67,'Barthel Van der Linde'),(158,184,'Saunder Meeland'),(158,227,'Otes Jerdan'),(159,100,'Clint Cowp'),(159,179,'Tobias Labone'),(159,216,'Leonore Joliffe'),(160,28,'Addie Lidbetter'),(160,73,'Hermann Aylott'),(160,151,'Francis Hardbattle'),(160,192,'Hewett Blundel'),(160,229,'Maurizio Doxsey'),(160,231,'Norma Geill'),(160,239,'Ingra Muress'),(161,3,'Ferdinand Sherrett'),(161,21,'Abie Antoniades'),(161,100,'Kendra Sterrick'),(161,116,'Ellette Cubuzzi'),(161,192,'Eliza Newall'),(161,288,'Laurel Danter'),(162,29,'Burlie Safhill'),(162,131,'Lyle Hellikes'),(162,149,'Eustacia Muzzall'),(163,18,'Foster Craft'),(163,49,'Ernie Blore'),(163,209,'Archambault Agneau'),(164,71,'Amata Westnedge'),(164,202,'Brenna Vuittet'),(164,222,'Rodolph Rivett'),(165,127,'Franz Detoc'),(166,28,'Ray Solon'),(166,49,'Marcelia Ogelsby'),(166,92,'Francisca Bolingbroke'),(167,78,'Carline Ledster'),(167,174,'Mona Fishley'),(167,200,'Lee Chater'),(167,271,'Amye Keeler'),(168,208,'Katheryn Genge'),(168,259,'Zilvia Stoddart'),(168,271,'Gabi Snead'),(169,8,'Tony Corbie'),(169,97,'Thor Jakubczyk'),(169,106,'Anestassia Kliner'),(169,146,'Dirk Mackneis'),(170,227,'Caryn Longdon'),(171,28,'Kevin MacNeish'),(171,60,'Elianore Silby'),(171,69,'Nicolette Langdon'),(171,151,'Ulick Toland'),(172,151,'Kerstin Crosfield'),(172,175,'Baily Edgell'),(172,283,'Beatrix Batistelli'),(173,21,'Stevena Keywood'),(173,140,'Brandea Witty'),(173,279,'Osmund Bischof'),(174,8,'Jeramie Peachman'),(174,36,'Isidora Asel'),(174,52,'Karlis Cornelisse'),(175,173,'Diahann Borel'),(176,78,'Kathye Urey'),(176,153,'Ruben Madgewick'),(176,184,'Jobye Poulton'),(176,206,'Marshal Carnegie'),(176,289,'Danya Bestwick'),(177,251,'Rourke Melloy'),(178,29,'Karlotte Huburn'),(178,88,'Ingamar Roskelley'),(178,126,'Amil Badham'),(178,194,'Ilse Curtoys'),(178,217,'Ebonee Cheyenne'),(179,60,'Meghann Poller'),(179,188,'Yetty Varney'),(179,191,'Charity Fishlee'),(179,214,'Roxi Blakemore'),(180,6,'Sheree Beadman'),(181,77,'Flynn Carriage'),(181,94,'Berny Stonehewer'),(181,117,'Trixi Dorant'),(181,180,'Aubree Shuttleworth'),(182,51,'Idell Morden'),(182,83,'Wallace Hallock'),(182,113,'Mikol Patullo'),(182,192,'Arman Vidineev'),(182,194,'Netta Hirth'),(182,241,'Padgett Wheater'),(183,77,'Christiana Bertin'),(183,239,'Keslie Marlowe'),(184,59,'Raul Hayland'),(184,66,'Gavin Whipple'),(184,102,'Frasco Gatesman'),(184,192,'Ade FitzGeorge'),(185,79,'Miranda Measor'),(185,126,'Kristi Ashington'),(185,177,'Moore Delleschi'),(186,160,'Odey Rennels'),(186,261,'Dunc Matei'),(187,289,'Sancho McNerlin'),(188,145,'Oswald Huggard'),(188,214,'Seana Vagges'),(188,244,'Humfrey Cano'),(189,104,'Artemus Wetherby'),(189,222,'Francois Walker'),(189,268,'Timothee Maingot'),(190,99,'Natty Mahady'),(190,184,'Dionne Baskwell'),(190,229,'Jerad Fasler'),(190,278,'Ursula Montrose'),(191,146,'Lesya Adelman'),(191,170,'Carina Stephens'),(191,188,'Datha Addeycott'),(191,271,'Andeee Sauter'),(192,2,'Roberta Hainey'),(192,125,'Temple Denkin'),(193,7,'Cassandry Perutto'),(193,42,'Bennie Hindes'),(193,84,'Jocelin Hargrove'),(193,101,'Jason Kilalea'),(193,102,'Obidiah Plott'),(193,159,'Ainsley Masedon'),(194,164,'Aguste O\'Gaven'),(195,19,'Dannie Knott'),(195,27,'Anson Stovell'),(195,94,'Gert Nickols'),(195,134,'Julianne Dumbarton'),(195,216,'Riva Nisius'),(195,251,'Thaxter Gerin'),(196,116,'Angelia Diviny'),(196,233,'Faun Gales'),(196,269,'Edwin Roelofs'),(197,5,'Wilton Gilbank'),(197,21,'Whitaker Crepel'),(197,178,'Hedwig Catton'),(198,219,'Nichol Shrieve'),(198,242,'Mureil Boog'),(199,34,'Patricio Cayton'),(199,52,'Yolane Bittany'),(199,192,'Karel Whimper'),(199,208,'Vi Teasdale'),(199,267,'Hugh Hookes'),(200,186,'Webster Dally'),(200,195,'Gav Preston'),(201,23,'Winslow Francescone'),(201,243,'Derby Cloute'),(202,34,'Constantine Silbermann'),(202,99,'Fancy Weymouth'),(202,268,'Loleta Meach'),(203,195,'Durant Wilne'),(203,229,'Brendin Brixey'),(203,263,'Zeb Cuming'),(203,266,'Donnie Hagley'),(204,69,'Glyn O\' Flaherty'),(204,73,'Helli Yousef'),(204,269,'Haley Bowley'),(204,272,'Melba Youde'),(205,5,'Ame Roseburgh'),(205,67,'Rowan Rigbye'),(205,282,'Filippo Pointin'),(206,130,'Cassy Batho'),(206,132,'Hugo Cowles'),(206,189,'Pierre Corstan'),(206,264,'Zechariah Borland'),(207,8,'Donny Bremeyer'),(207,44,'Derril Adelman'),(208,247,'Chester Geggie'),(210,259,'Lorry Crickmore'),(210,260,'Trstram Navein'),(211,113,'Gavin Campbell-Dunlop'),(211,172,'Melosa Mallia'),(211,208,'Sterling Pauler'),(211,244,'Wright Clementucci'),(212,14,'Ryon Pettengell'),(212,63,'Chere Meier'),(212,72,'Leonhard Dommett'),(212,87,'Brennen Duggon'),(212,197,'Felicio Seale'),(212,217,'Jason Havik'),(212,244,'Eddie Sides'),(212,250,'Zeke Dolley'),(213,112,'Basilio McElhargy'),(213,148,'Erena Searles'),(213,269,'Milty Thorington'),(213,287,'Shawnee Rosendall'),(214,5,'Bartram Yeats'),(214,53,'Laney Le Provest'),(215,14,'Isadora Foltin'),(215,128,'Abbie Calvard'),(215,200,'Penny Whatsize'),(215,278,'Kile Blackshaw'),(216,16,'Bren McSpirron'),(216,105,'Tracie Lube'),(216,190,'Nicolais Reisenberg'),(217,106,'Gerda Taleworth'),(217,143,'Thorsten Gittins'),(217,193,'Luciana Pirouet'),(217,219,'Jennie Boecke'),(218,1,'Levy Blakes'),(218,186,'Brandice Pifford'),(218,197,'Tamera Whittet'),(218,199,'Berkley Grzelewski'),(219,286,'Kiel Kinnock'),(220,10,'Joshuah Sibbson'),(220,40,'Willem Mayell'),(220,51,'Lucina Heindl'),(220,290,'Ainslee Merfin'),(221,36,'Ailsun Lipgens'),(222,59,'Alejandro D\'Hooge'),(223,65,'Kerk Harner'),(223,114,'Alvina Mumbray'),(223,282,'Robbert Flexman'),(224,145,'Oralle Attrey'),(224,160,'Aubert Ownsworth'),(226,1,'Will Monkman'),(227,150,'Kiele Feely'),(227,199,'Cris Pellatt'),(228,63,'Paulie Rembrant'),(228,179,'Lolly Cluney'),(228,190,'Mathian Paal'),(228,247,'Denver De Marchi'),(229,3,'Keary Ganford'),(229,43,'Jena Mattis'),(229,125,'Alexandra Collelton'),(229,153,'Glyn Ewbach'),(229,188,'Tabb Dore'),(230,71,'Vivia Dracksford'),(230,163,'Alverta Wyldbore'),(230,168,'Wyatt Roff'),(230,256,'Gerrilee Summerill'),(230,291,'Nan Sabater'),(231,80,'Pepita Featherstonehaugh'),(231,214,'Jo-ann Klaes'),(232,100,'Tabitha Drohun'),(232,141,'Linea Passmore'),(233,15,'Evangelina Lamplough'),(233,52,'Leia La Batie'),(233,58,'Selma Morriss'),(233,91,'Sanders Capper'),(233,110,'Ransell Freer'),(233,178,'Wendell Tapton'),(233,191,'Olvan McGirr'),(233,197,'Taddeusz Kolakowski'),(233,283,'Darnell Krook'),(234,79,'Christiana Brands'),(234,180,'Weidar Forestel'),(235,119,'Wilhelmine Chuter'),(235,135,'Teresita Saice'),(235,298,'Christie Hryniewicz'),(236,114,'Micheline Briggdale'),(236,150,'Adina Boissieux'),(236,187,'Pat Claringbold'),(236,193,'Arvie Tassell'),(236,278,'Shani Wozencraft'),(237,105,'Gae Chillistone'),(237,110,'Jourdain Lewens'),(237,248,'Ynes Leversuch'),(237,295,'Yolande Raittie'),(238,66,'Bentley Kidson'),(238,121,'Kenny Fitzsimon'),(239,221,'Johnnie Davall'),(239,263,'Claudetta Newens'),(239,289,'Amanda Okie'),(240,10,'Celeste Jandak'),(240,16,'Lisbeth Kevane'),(240,30,'Robenia Minogue'),(241,29,'Lanna Alflatt'),(241,109,'Carmelia Oliphant'),(242,183,'Lorilee Etienne'),(242,261,'Hendrik Toyer'),(243,29,'Eliza Rathbourne'),(243,64,'Merline Scotchford'),(243,213,'Sherm Bartoszek'),(243,276,'Farica Ciccoloi'),(243,287,'Wilburt Truran'),(244,76,'Bernetta Shankland'),(245,57,'Major Kingsworth'),(245,134,'Elka Padbery'),(246,65,'Farleigh Elverstone'),(246,156,'Ossie Olenichev'),(246,161,'Harriette Peile'),(246,254,'Maryrose Wylder'),(247,21,'Terrijo Laurens'),(247,279,'Isahella Keefe'),(248,48,'Eddi Gayton'),(248,85,'Madella Grane'),(248,123,'Jeromy Byrde'),(248,161,'Ase Iddiens'),(248,193,'Farrell Rizon'),(249,13,'Osmund Kitcat'),(249,14,'Ephraim Roderigo'),(249,25,'Carter McKeighen'),(249,78,'Jesselyn Morais'),(249,194,'Fonz Baggs'),(250,101,'Carlo Thomson'),(250,102,'Sadella Kleinplatz'),(250,281,'Coretta Chazerand'),(251,20,'Maddy Dunbabin'),(251,54,'Franz Maddicks'),(251,91,'Jehanna Tombling'),(251,109,'Matilda Osgardby'),(251,228,'Osbourne Marriage'),(251,273,'Neal McCarney'),(252,19,'Odele Malek'),(252,110,'Mireille Seyffert'),(252,186,'Tyrone Fountian'),(252,207,'Tam Swaine'),(252,220,'Dayle Danielis'),(253,11,'Kennith Woehler'),(253,48,'Veronika Lattka'),(253,108,'Alon Middlewick'),(253,218,'Margarethe Enrdigo'),(253,252,'Corliss Dayley'),(253,264,'Dom Piatto'),(253,300,'Janean Skaife'),(254,134,'Fowler Yakolev'),(254,188,'Lemar Conningham'),(254,204,'Demetrius Newitt'),(255,175,'Bobbee Wohlers'),(255,203,'Briant Atcock'),(256,42,'Camey Northam'),(256,160,'Chandal Basnett'),(257,62,'Gib Howel'),(257,219,'Gardy Govini'),(257,248,'Randi Coombes'),(258,71,'Deva Comben'),(258,122,'Mathias Hiddersley'),(258,146,'Grant McAllester'),(258,149,'Mason Heinzel'),(258,216,'Tatiania Halcro'),(258,221,'Maddy Biddell'),(259,135,'Garek Turneaux'),(259,174,'Iolanthe Nisbith'),(260,25,'Elias Dallosso'),(260,47,'Jean Brecknell'),(260,239,'Nata Pridham'),(261,75,'Dani Jahan'),(261,116,'Taffy Frearson'),(261,151,'Ivette Marquese'),(261,234,'Nevil Loan'),(262,165,'Anthea Acres'),(262,221,'Angeline Swindon'),(263,59,'Cristiano Forre'),(263,142,'Abbey Allicock'),(263,260,'Reiko Tallet'),(264,31,'Cicily MacGahy'),(264,39,'Gayla Hosburn'),(264,111,'Aurelia Culleton'),(265,155,'Fiorenze Wheowall'),(265,270,'Rockey Southall'),(265,284,'Shelby Welfair'),(265,285,'Tomasina Geldeard'),(266,120,'Beaufort Van Castele'),(266,156,'Dunstan Siward'),(267,5,'Niccolo Trembey'),(267,150,'Fons Lemm'),(267,186,'Nelie McMurraya'),(267,210,'Paulina Normavell'),(267,257,'Kanya Ivanilov'),(268,74,'Melissa Sherland'),(269,70,'Darda Baine'),(269,88,'Chic Oldcote'),(269,109,'Scotti Brumen'),(269,235,'Ivan Cockson'),(270,14,'Harcourt Druce'),(270,140,'Patric Lethlay'),(270,244,'Matthiew Niland'),(271,36,'Lynnelle Asmus'),(271,53,'Aurel Ellse'),(271,105,'Philis McNeilly'),(271,121,'Roseanna Hazeley'),(271,144,'Alano Latek'),(271,248,'Elvera Proschek'),(271,263,'Pincus Oubridge'),(272,29,'Forester Ruddy'),(272,122,'Raoul Thurborn'),(272,175,'Alessandro Cheng'),(272,200,'Richardo Aizikovitz'),(272,284,'Merrie Leakner'),(274,69,'Ermengarde Largen'),(274,91,'Yorgo Starte'),(274,92,'Irene Lyman'),(274,98,'Jolynn McGenn'),(274,125,'Alberta Ahern'),(274,133,'Mattie Kersley'),(275,42,'Jessi Brecher'),(275,102,'Arnold Peacop'),(275,206,'Maje Jakeman'),(275,286,'Jamie Craigg'),(275,299,'Rachelle Simunek'),(276,38,'Willyt Kennermann'),(276,179,'Tootsie Dagworthy'),(277,213,'Fredrika Mulliss'),(277,249,'Nevins Silvermann'),(277,295,'Traver Brobeck'),(278,90,'Leontyne Santi'),(278,166,'Inglis Briggs'),(279,188,'Laurice Fieldsend'),(280,96,'Link Padkin'),(280,107,'Beckie McGahey'),(280,151,'Aggi Ellph'),(280,237,'Shoshanna Kike'),(281,66,'Ashley Hanhard'),(281,84,'Horten Lidyard'),(281,110,'Berna Hammatt'),(281,115,'Hercules Belbin'),(281,145,'Samuel Fairest'),(281,299,'Juliana Rekes'),(282,88,'Paulie Binnell'),(282,296,'Dody Atwater'),(283,122,'Rosemaria Espinoza'),(283,235,'Gordy Dury'),(284,98,'Jarred Harriman'),(284,141,'Valentine Halloran'),(284,225,'Sheri Ebbings'),(284,281,'Stefania Korejs'),(285,81,'Sam Dimmer'),(285,121,'Farris Pearse'),(285,141,'Maynord Heddy'),(285,142,'Benita Kingshott'),(285,191,'Timothee Gouldstraw'),(285,229,'Ulick Brunton'),(285,253,'Olenka Puddle'),(286,8,'James Risely'),(286,75,'Waite Riding'),(286,82,'Oren Gundrey'),(287,60,'Rozanna Bortolutti'),(287,137,'Tiebout Perryman'),(287,226,'Sherwynd Lochet'),(288,139,'Danita Tyrrell'),(288,176,'Franchot Titterton'),(288,222,'Alwyn Pople'),(289,110,'Ritchie Giacobo'),(289,111,'Anjela Evans'),(289,115,'Joyann Grishin'),(289,156,'Carmel Venable'),(289,170,'Bernice Marton'),(289,173,'Nehemiah Maceur'),(289,192,'Lotti Louw'),(290,124,'Rudyard Cathel'),(290,150,'Lanny Hatliffe'),(290,172,'Judie Farman'),(290,285,'Conney Firby'),(291,28,'Demetria Vescovo'),(291,174,'Gianna Theml'),(291,248,'Kalli Halson'),(291,261,'Tucker Jiles'),(292,47,'Irene Rubinfajn'),(292,124,'Kelby Braunfeld'),(292,125,'Jarvis Keywood'),(292,139,'Thorstein Scorah'),(292,199,'Norton Norrington'),(294,47,'Mirelle Slipper'),(294,50,'Ulrica Barnwill'),(294,230,'Jard Giovanitti'),(294,299,'Isa Jonathon'),(294,300,'Ange Elvidge'),(295,20,'Virginie Wheelton'),(295,231,'Jeremy de Copeman'),(295,256,'Robinett Lawn'),(296,78,'Nicky Westbrook'),(296,127,'Kyrstin Mabbutt'),(296,138,'Karlotte Chaman'),(296,154,'Allister Tubridy'),(296,169,'Pepito Gercken'),(296,225,'Wendy Danko'),(297,64,'Rozamond Iffe'),(297,294,'Hazel McReynold'),(298,30,'Ashli Heister'),(298,77,'Lesley Kinahan'),(298,89,'Dorine Purcer'),(298,180,'Estrella Lomax'),(298,194,'Annadiana Bilbrey'),(299,85,'Wiatt Ochterlonie'),(299,105,'Lilian Free'),(300,67,'Nonie Beadon'),(300,199,'Darcee Cock');
/*!40000 ALTER TABLE `Starcast` ENABLE KEYS */;
UNLOCK TABLES;

--
-- Table structure for table `Upcoming_movies`
--

DROP TABLE IF EXISTS `Upcoming_movies`;
/*!40101 SET @saved_cs_client     = @@character_set_client */;
/*!40101 SET character_set_client = utf8 */;
CREATE TABLE `Upcoming_movies` (
  `EMID` int(3) NOT NULL,
  `Movie_name` varchar(138) NOT NULL,
  `Release_Date` varchar(19) NOT NULL,
  `Genre` varchar(55) NOT NULL,
  `Production_HouseID` int(3) NOT NULL,
  `Duration` int(3) NOT NULL,
  PRIMARY KEY (`EMID`),
  KEY `Production_HouseID` (`Production_HouseID`),
  CONSTRAINT `Upcoming_movies_ibfk_1` FOREIGN KEY (`Production_HouseID`) REFERENCES `Production_Houses` (`PHID`)
) ENGINE=InnoDB DEFAULT CHARSET=utf8;
/*!40101 SET character_set_client = @saved_cs_client */;

--
-- Dumping data for table `Upcoming_movies`
--

LOCK TABLES `Upcoming_movies` WRITE;
/*!40000 ALTER TABLE `Upcoming_movies` DISABLE KEYS */;
INSERT INTO `Upcoming_movies` VALUES (1,'Ladder 49','2020-11-28 16:25:18','Action|Drama|Thriller',502,136),(2,'Ramen Girl, The','2020-11-25 06:55:17','Comedy|Drama|Romance',502,117),(3,'Greenfingers','2020-03-22 16:03:33','Comedy|Drama',507,155),(4,'Rejs','2020-09-24 17:05:27','Comedy',507,134),(5,'Paris','2020-05-31 13:20:39','Documentary',506,190),(6,'Donnie Darko','2020-09-15 02:08:45','Drama|Mystery|Sci-Fi|Thriller',504,103),(7,'Sybil','2020-10-15 09:44:39','Drama',507,171),(8,'Des gens qui s\'embrassent','2020-08-25 08:23:54','Comedy|Romance',504,167),(9,'Street of Shame (Akasen chitai)','2020-03-25 19:06:45','Drama',503,97),(10,'Onibi: The Fire Within','2020-09-23 01:34:00','Drama|Thriller',505,116),(11,'Jalla! Jalla!','2020-09-03 16:42:31','Comedy|Drama|Romance',503,141),(12,'Rurouni Kenshin (Rurôni Kenshin: Meiji kenkaku roman tan)','2020-12-11 12:41:05','Action|Drama',509,128),(13,'Tampopo','2020-07-31 20:13:39','Comedy',502,121),(14,'Matchstick Men','2021-01-23 14:42:54','Comedy|Crime|Drama',505,113),(15,'Marshal of Finland, The (Suomen Marsalkka)','2020-10-13 06:36:01','Drama|Romance',502,114),(16,'Still Crazy','2021-01-07 10:25:27','Comedy|Romance',506,108),(17,'Now Where Did the Seventh Company Get to? (Mais où est donc passée la 7ème compagnie)','2020-03-03 20:34:11','Action|Comedy|War',504,98),(18,'Cleanflix','2021-01-13 10:46:01','Crime|Documentary',501,144),(19,'Truth of Lie, The (Die Wahrheit der Lüge)','2020-03-01 00:41:41','Drama|Thriller',509,116),(20,'All Things Fair (Lust och fägring stor)','2020-08-18 22:14:27','Drama|Romance|War',504,167),(21,'Merrill\'s Marauders','2020-07-28 17:12:53','Adventure|Drama|War',505,117),(22,'Sound of Noise','2020-06-05 20:44:56','Comedy|Crime|Musical',501,141),(23,'Malibu\'s Most Wanted','2020-03-16 12:40:28','Comedy|Crime',509,181),(24,'Run, Simon, Run','2021-01-16 23:21:21','Adventure|Thriller',502,186),(25,'Journeys with George','2020-11-24 15:05:35','Documentary',509,109),(26,'Late Chrysanthemums (Bangiku)','2020-07-16 05:49:41','Drama',504,106),(27,'Milk and Honey','2020-07-17 11:11:28','Drama',509,90),(28,'Au Hasard Balthazar','2020-06-07 11:07:21','Crime|Drama',502,187),(29,'Better Tomorrow II, A (Ying hung boon sik II)','2021-01-09 09:13:23','Crime|Drama|Thriller',502,100),(30,'Tarzan','2020-06-24 20:53:05','Adventure|Animation|Children|Drama',508,193),(31,'Here Comes Peter Cottontail ','2020-10-01 07:21:04','Animation|Children|Musical',501,107),(32,'It\'s My Party','2020-12-10 17:50:45','Drama',508,117),(33,'Dragon Age: Blood mage no seisen (a.k.a. Dragon Age: Dawn of the Seeker)','2020-07-25 23:13:30','Animation|Fantasy',505,169),(34,'Plastic','2020-10-13 19:16:16','Action|Crime',502,146),(35,'Inheritance, The (Karami-ai)','2021-01-02 07:45:42','Drama',503,119),(36,'Diabolique (Les diaboliques)','2020-03-05 19:35:26','Horror|Mystery|Thriller',505,142),(37,'Enforcer, The','2020-08-22 11:42:46','Crime',508,195),(38,'Man of Aran','2020-03-23 04:29:30','Documentary',507,143),(39,'Garfield: A Tail of Two Kitties','2020-07-25 07:04:55','Animation|Children|Comedy',505,130),(40,'And the Ship Sails On (E la nave va)','2020-04-09 21:16:26','Comedy|War',507,90),(41,'Snake Woman\'s Curse','2021-02-01 20:12:23','Horror',503,93),(42,'Island in the Sun','2020-09-26 16:55:15','Drama|Romance',503,151),(43,'The Rag Man','2020-04-27 23:28:47','Comedy|Drama',503,169),(44,'12 Dates of Christmas','2020-07-24 20:32:55','Children|Comedy|Fantasy|Romance',501,112),(45,'The ABCs of Death 2','2021-01-18 23:35:36','Comedy|Horror',507,186),(46,'Hungry Hill','2020-06-02 02:19:14','Drama',509,188),(47,'Con, The','2020-12-05 21:40:36','Comedy|Crime',505,93),(48,'Legal Deceit','2020-07-26 18:43:37','Thriller',503,115),(49,'Jerry Springer: Ringmaster','2020-02-13 12:21:45','Comedy|Drama',508,184),(50,'\'Neath the Arizona Skies','2021-01-31 01:11:17','Western',509,150),(51,'CJ7 (Cheung Gong 7 hou)','2020-05-06 13:08:27','Children|Comedy|Sci-Fi',507,186),(52,'Coming Down the Mountain','2020-04-20 07:49:50','Drama',501,173),(53,'Young Gods (Hymypoika)','2020-03-13 15:46:18','Drama',508,92),(54,'Walkabout','2020-06-30 00:38:56','Adventure|Drama',505,161),(55,'Cold Prey II (Fritt Vilt II)','2021-01-18 11:26:26','Horror',508,164),(56,'100 Years at the Movies','2020-11-29 08:33:56','Documentary',509,121),(57,'It Runs in the Family','2020-04-12 05:31:59','Comedy|Drama',504,186),(58,'Criminal Code, The','2020-09-22 21:29:04','Crime|Drama|Romance',506,115),(59,'Chronos','2020-02-19 12:50:07','Documentary|IMAX',507,181),(60,'Opfergang','2020-09-01 23:51:09','Drama',506,107),(61,'Ex-Girlfriends','2020-03-06 00:19:01','Comedy|Drama',506,158),(62,'Pride and Glory','2021-02-02 14:09:04','Crime|Drama',506,169),(63,'Kitty','2020-09-12 08:41:50','Drama',503,100),(64,'Thunder Soul','2020-05-12 19:44:11','Documentary',507,190),(65,'Montana','2020-09-21 01:51:41','Action|Adventure|Romance|Western',509,178),(66,'Addicted','2020-08-27 03:19:35','Drama',508,129),(67,'Fist of Legend (Jing wu ying xiong)','2020-04-19 07:39:12','Action|Drama',501,139),(68,'Chasing Mavericks','2020-03-16 16:45:40','Drama',502,178),(69,'Des fleurs pour Algernon','2020-03-21 16:10:15','(no genres listed)',509,184),(70,'Dead Man','2020-08-15 08:07:09','Drama|Mystery|Western',505,192),(71,'Class of 1999','2020-09-25 20:36:03','Action|Horror|Sci-Fi',502,111),(72,'Lucky Break (a.k.a. Paperback Romance)','2020-10-03 17:19:49','Comedy|Romance',506,116),(73,'Kicking & Screaming','2020-10-02 07:18:03','Comedy',508,184),(74,'Champion, The','2021-01-06 22:58:21','Comedy',509,114),(75,'Opposing Force','2020-10-09 10:36:36','(no genres listed)',504,139),(76,'Welcome to the Jungle','2020-02-15 22:45:09','Horror',501,163),(77,'Tyler Perry\'s Why Did I Get Married Too?','2020-06-30 03:52:55','Comedy',502,122),(78,'Dona Flor and Her Two Husbands (Dona Flor e Seus Dois Maridos)','2020-08-21 06:59:27','Comedy',505,109),(79,'Rustlers\' Rhapsody','2020-07-18 04:07:08','Comedy|Western',508,195),(80,'Gamera vs. Viras ','2020-09-18 00:07:20','Action|Sci-Fi',508,158),(81,'Front Line, The','2021-01-10 15:38:57','Crime|Drama|Thriller|War',505,98),(82,'Bloodbrothers','2020-09-07 00:11:02','Drama',501,152),(83,'Shrek Forever After (a.k.a. Shrek: The Final Chapter)','2020-02-10 05:57:15','Adventure|Animation|Children|Comedy|Fantasy|IMAX',502,113),(84,'Tuvalu','2020-11-28 06:58:26','Comedy',509,99),(85,'Sorry, Wrong Number','2020-03-20 18:01:44','Drama|Film-Noir|Thriller',504,150),(86,'Bush\'s Brain','2020-10-14 15:47:40','Documentary',504,162),(87,'Dirty Filthy Love','2020-08-17 07:27:36','Drama|Romance',507,114),(88,'Incredible Shrinking Man, The','2020-09-29 02:01:02','Sci-Fi|Thriller',507,96),(89,'Private Life of Don Juan, The','2020-03-29 05:43:12','Comedy|Drama|Romance',508,123),(90,'Adventures of Ford Fairlane, The','2020-02-22 18:18:23','Action|Comedy',504,174),(91,'Battle of Britain, The (Why We Fight, 4)','2020-02-21 18:46:36','Documentary|War',507,182),(92,'Amateur, The','2020-12-07 11:29:54','Crime|Thriller',509,168),(93,'Street Fighter: The Legend of Chun-Li','2020-05-07 01:26:04','Action|Adventure|Sci-Fi|Thriller',509,95),(94,'Captain EO','2020-04-11 08:22:38','Adventure|Children|Comedy|Musical|Sci-Fi',503,117),(95,'Born into Brothels','2020-03-05 22:54:38','Documentary',503,127),(96,'Venus Wars (Venus Senki)','2021-01-21 21:46:53','Action|Animation|Sci-Fi|War',509,95),(97,'Comme un chef','2020-04-03 06:48:38','Comedy',502,113),(98,'Wild Zero','2020-12-08 22:58:21','Action|Comedy|Horror|Romance|Sci-Fi',504,122),(99,'Leviathan','2020-04-22 10:18:07','Horror|Sci-Fi|Thriller',508,114),(100,'Charleston','2020-04-02 00:41:11','Comedy|Crime',506,181),(101,'No Turning Back','2020-10-03 09:11:23','Adventure|Drama|Thriller',501,187),(102,'Jack Frost 2: Revenge of the Mutant Killer Snowman','2020-07-27 06:37:04','Horror',502,137),(103,'Dark Circles ','2020-09-13 21:29:27','Horror',502,155),(104,'Prodigal Sons','2020-09-09 09:15:44','Documentary',506,195),(105,'The Last Five Years','2020-08-14 03:02:18','Comedy|Drama|Musical|Romance',508,132),(106,'Saturday Night and Sunday Morning','2020-03-09 17:35:39','Drama',506,123),(107,'Study in Scarlet, A','2020-09-20 23:10:36','Mystery|Thriller',506,149),(108,'Exorcismus','2020-06-14 22:25:29','Horror',505,140),(109,'Skeletons','2020-07-15 17:57:23','Comedy|Fantasy',504,180),(110,'Jane Eyre','2020-11-17 14:44:59','Drama|Romance',509,176),(111,'Panic','2020-10-22 04:42:30','Drama',507,113),(112,'Painting, The (Tableau, Le)','2020-06-02 16:57:23','Animation',506,169),(113,'Wetlands (Feuchtgebiete)','2021-01-02 16:20:20','Comedy|Drama',502,94),(114,'Ted Bundy','2020-12-15 09:45:39','Crime|Drama|Thriller',505,96),(115,'Layer Cake','2020-11-22 04:13:29','Crime|Drama|Thriller',509,196),(116,'Killing Us Softly 3','2020-06-16 05:43:16','Documentary',504,178),(117,'Please Give','2021-01-30 05:05:03','Comedy|Drama',506,181),(118,'Carbon Copy','2020-03-05 12:27:59','Comedy',508,108),(119,'Chico & Rita','2020-10-06 11:22:32','Animation|Musical|Romance',505,165),(120,'In the Bedroom','2020-06-25 05:35:15','Drama',502,191),(121,'Land Before Time III: The Time of the Great Giving','2020-07-31 17:17:46','Adventure|Animation|Children|Musical',505,149),(122,'Nightmare in Las Cruces, A','2020-03-04 21:20:15','Documentary',504,134),(123,'The Dark Knight','2020-12-21 10:39:27','Action|Crime|Drama|Thriller',504,102),(124,'Iceberg, L\'','2021-01-24 08:54:58','Comedy',501,155),(125,'New Police Story (Xin jing cha gu shi)','2020-07-27 19:00:52','Action|Crime|Drama',507,95),(126,'Lucky Ones, The','2020-10-20 20:52:31','Comedy|Drama|War',507,103),(127,'Revolutionary Girl Utena: Adolescence of Utena (a.k.a. Revolutionary Girl Utena the Movie) (Shoujo kakumei Utena: Adolescence mokushiroku)','2020-08-05 06:28:36','Action|Adventure|Animation|Comedy|Drama|Fantasy|Romance',508,164),(128,'Insect Woman, The (Nippon konchûki)','2020-04-06 06:07:50','Drama',506,140),(129,'Little Trip to Heaven, A','2020-06-21 21:51:12','Drama|Thriller',502,139),(130,'Barcelona','2020-08-26 22:16:55','Comedy|Romance',507,108),(131,'301, 302 (301/302)','2020-06-15 16:14:09','Horror|Mystery|Thriller',508,161),(132,'Staying Alive','2020-02-27 11:09:24','Comedy|Drama|Musical',507,196),(133,'Christopher Columbus: The Discovery','2020-05-28 21:17:22','Adventure',501,152),(134,'Happy New Year (La Bonne Année)','2020-03-18 04:15:43','Comedy|Crime|Drama',503,169),(135,'Aurora','2020-06-24 01:50:57','Romance|Sci-Fi',505,137),(136,'Horrors of Spider Island (Ein Toter Hing im Netz)','2020-04-13 07:39:47','Horror|Sci-Fi',506,190),(137,'So Much So Fast','2020-10-27 08:18:02','Documentary',507,90),(138,'Home Movie','2020-08-24 22:39:14','Horror|Thriller',509,140),(139,'Sea of Grass, The','2020-02-12 17:53:50','Drama|Western',502,107),(140,'Guncrazy','2021-01-09 16:43:14','Crime|Drama|Thriller',501,127),(141,'Hobo with a Shotgun','2020-12-16 05:54:27','Action|Adventure|Crime|Thriller',505,130),(142,'The Distance','2020-06-28 02:25:14','(no genres listed)',504,177),(143,'Office Killer','2020-09-15 22:01:50','Thriller',506,117),(144,'Death Wish','2020-06-02 10:32:37','Action|Crime|Drama',506,152),(145,'Caine Mutiny Court-Martial, The','2021-01-06 01:21:42','Drama|War',505,197),(146,'Care Bears Movie II: A New Generation','2020-05-31 04:57:11','Animation|Children',503,118),(147,'Imaginary Witness: Hollywood and the Holocaust ','2020-03-18 04:07:28','Documentary',505,148),(148,'Mackintosh Man, The','2020-05-27 13:23:02','Action|Drama|Thriller',502,97),(149,'American Ninja','2020-10-30 06:59:40','Action|Adventure',507,133),(150,'Hercules','2020-03-29 14:46:01','Action|Adventure',507,168),(151,'The Open Road','2020-05-28 02:54:39','Documentary',509,103),(152,'Night of the Demons','2021-01-15 08:20:18','Horror',508,183),(153,'Singapore Sling (Singapore sling: O anthropos pou agapise ena ptoma)','2021-01-15 11:11:44','Crime|Film-Noir|Horror|Romance|Thriller',502,106),(154,'Gods Must Be Crazy III, The (a.k.a. Crazy Safari) (Fei zhou he shang)','2020-03-07 22:02:57','Comedy|Fantasy',508,110),(155,'Dragonworld','2020-05-16 14:48:09','Adventure|Fantasy',504,142),(156,'Plaza Suite','2020-10-08 15:59:36','Comedy',509,158),(157,'Crossfire Hurricane','2021-01-11 18:07:38','Documentary|Musical',502,183),(158,'The Magnificent Trio','2020-06-16 06:28:38','Action|Drama|Romance',505,111),(159,'Egyptian, The','2020-10-08 12:09:45','Drama',507,154),(160,'Bubble, The (Ha-Buah)','2021-01-14 02:35:27','Drama|Romance',509,126),(161,'Dementia (a.k.a. Daughter of Horror)','2020-12-29 23:51:18','Horror|Mystery',505,143),(162,'Romance','2020-06-11 03:00:24','Drama|Romance',504,141),(163,'Fireworks Wednesday (Chaharshanbe-soori)','2020-05-24 15:01:12','Drama|Mystery|Romance',501,103),(164,'Sound of Thunder, A','2020-05-01 06:31:20','Action|Adventure|Drama|Sci-Fi|Thriller',502,123),(165,'4 Little Girls','2020-10-29 21:52:07','Documentary',506,185),(166,'Fame','2021-02-03 07:10:24','Comedy|Drama|Musical|Romance',504,188),(167,'Confidence','2020-05-13 00:09:49','Crime|Thriller',506,147),(168,'Up','2020-08-18 22:05:05','Adventure|Animation|Children|Drama',502,93),(169,'Paycheck','2020-11-17 15:37:25','Action|Sci-Fi|Thriller',506,119),(170,'Burning, The','2020-08-01 06:00:10','Horror',504,155),(171,'Friday the 13th','2020-07-10 20:37:58','Horror|Mystery|Thriller',503,117),(172,'Angel in My Pocket','2020-11-05 15:26:52','Comedy',504,171),(173,'As Above, So Below','2020-09-21 10:59:29','Horror|Thriller',508,127),(174,'Assassin(s)','2020-06-09 06:29:32','Crime|Drama',507,149),(175,'Svampe','2020-07-07 06:53:03','Adventure|Children',509,131),(176,'Asoka (Ashoka the Great)','2020-08-11 08:21:07','Action|Drama|Romance',502,180),(177,'Garbage Warrior','2021-01-23 16:42:13','Documentary',503,110),(178,'Burt\'s Buzz','2020-03-20 01:42:01','Documentary',501,170),(179,'Kevin Hart: Seriously Funny','2020-12-15 22:39:16','Comedy',502,95),(180,'Hot Shots!','2020-09-30 04:44:32','Action|Comedy|Romance|War',508,98),(181,'Hillbillys in a Haunted House','2021-01-05 17:32:11','Comedy',508,95),(182,'Living Room of the Nation, The (Kansakunnan olohuone)','2020-11-08 03:30:22','Documentary',501,171),(183,'My Sex Life... or How I Got Into an Argument (Comment je me suis disputé... (ma vie sexuelle))','2020-08-14 05:43:00','Comedy|Drama|Romance',503,188),(184,'Death and the Maiden','2020-04-23 01:58:41','Drama|Thriller',503,111),(185,'Arrow, The','2021-01-31 17:43:04','Drama',506,142),(186,'Boiler Room','2020-03-25 04:23:27','Crime|Drama|Thriller',507,148),(187,'Crew, The','2020-10-24 03:55:14','Drama|Thriller',503,141),(188,'Hell Up in Harlem','2020-05-07 04:42:14','Crime',509,136),(189,'Iceman Cometh, The','2020-05-10 20:33:13','Drama',503,128),(190,'A Christmas Kiss','2020-03-01 14:29:01','Romance',506,136),(191,'Hearts and Minds','2020-12-27 16:39:20','Documentary|War',506,196),(192,'Along Came Polly','2020-09-15 02:30:27','Comedy|Romance',506,127),(193,'Folies Bergere de Paris','2021-01-20 09:24:19','Comedy|Musical',509,170),(194,'Stiff Upper Lips','2020-10-31 17:20:22','Comedy',503,107),(195,'Haunted Strangler, The (Grip of the Strangler)','2020-07-03 12:21:09','Crime|Horror|Mystery',506,107),(196,'Oversimplification of Her Beauty, An','2020-10-28 17:06:00','Animation|Comedy|Drama|Romance',504,192),(197,'Howards End','2021-01-23 23:28:11','Drama',507,165),(198,'Way of War, The','2020-05-17 04:01:47','Action|Thriller',509,106),(199,'Magnum Force','2020-08-27 09:26:32','Action|Crime|Drama|Thriller',509,141),(200,'Molly','2020-12-01 07:11:30','Comedy|Drama',502,110),(201,'Harmful Insect (Gaichu)','2020-11-03 10:06:47','Drama',501,142),(202,'Who Am I (Kein System Ist Sicher)','2020-03-31 07:23:49','Thriller',506,122),(203,'Partners','2021-01-03 20:10:04','Comedy',506,136),(204,'Ranma ½: Nihao My Concubine (Ranma ½: Kessen Tôgenkyô! Hanayome o torimodose!!)','2020-04-07 17:49:46','Action|Adventure|Comedy|Fantasy|Romance',508,140),(205,'Trial and Error','2020-12-24 10:58:40','Comedy|Romance',505,94),(206,'Waco: A New Revelation','2021-01-15 14:19:14','Documentary',505,199),(207,'Premature Burial, The','2020-12-26 01:15:45','Horror',505,185),(208,'Warsaw Bridge (Pont de Varsòvia)','2020-05-04 05:44:41','(no genres listed)',501,193),(209,'Shiloh','2021-01-14 20:31:48','Children|Drama',505,195),(210,'Brothers Bloom, The','2020-06-18 09:27:26','Adventure|Comedy|Crime|Romance',505,162),(211,'Rudo y Cursi (Rough and Vulgar)','2020-06-19 13:54:56','Comedy|Drama',503,154),(212,'Stingray Sam','2020-08-21 19:29:47','Comedy|Musical|Sci-Fi|Western',509,108),(213,'Holy Matrimony','2020-09-03 14:44:59','Comedy|Crime',502,163),(214,'Man of the House','2020-12-15 15:21:21','Action|Comedy',505,124),(215,'Devil\'s Tomb, The','2020-10-18 13:19:37','Action|Horror|Sci-Fi|Thriller',502,115),(216,'Scenic Route, The','2020-03-19 10:56:16','Drama',509,151),(217,'Heartlands','2020-09-22 17:22:35','Comedy|Drama',501,144),(218,'Changeling, The','2020-03-09 08:43:42','Horror|Mystery|Thriller',509,112),(219,'From Up on Poppy Hill (Kokuriko-zaka kara)','2020-09-23 05:43:32','Animation|Drama|Romance',504,186),(220,'Half a Loaf of Kung Fu (Dian zhi gong fu gan chian chan)','2020-12-22 07:12:00','Action|Comedy',506,136),(221,'Brother\'s Keeper','2020-08-29 23:13:30','Documentary',509,114),(222,'Konopielka','2020-03-23 04:07:15','Comedy',503,110),(223,'My Neighbor Totoro (Tonari no Totoro)','2020-08-10 03:09:13','Animation|Children|Drama|Fantasy',507,160),(224,'The Great Spy Chase','2020-10-07 08:47:38','Action|Comedy|Thriller',505,169),(225,'Die Bademeister – Weiber, saufen, Leben retten','2020-05-19 02:27:20','Comedy',508,191),(226,'Best Men','2020-04-05 08:18:04','Action|Comedy|Crime|Drama',502,194),(227,'Monsters vs. Aliens','2020-05-01 12:55:14','Animation|Sci-Fi|IMAX',506,107),(228,'Union, The','2020-06-09 19:49:58','Documentary',509,114),(229,'Tekkonkinkreet (Tekkon kinkurîto)','2020-06-22 06:58:56','Action|Adventure|Animation|Crime|Fantasy',505,92),(230,'Cold Creek Manor','2020-02-07 23:46:31','Drama|Thriller',508,164),(231,'Craft, The','2020-07-30 16:31:03','Drama|Fantasy|Horror|Thriller',503,131),(232,'Little Lord Fauntleroy','2020-04-25 06:26:50','Children|Drama|Romance',502,103),(233,'Hangman\'s House','2020-06-19 10:56:14','Drama',509,144),(234,'Carlito\'s Way','2021-01-18 02:02:26','Crime|Drama',504,176),(235,'Voyage to Cythera (Taxidi sta Kythira)','2020-05-20 08:19:52','Drama',508,179),(236,'Played','2020-10-12 20:47:46','Crime|Thriller',504,182),(237,'Dolores Claiborne','2020-06-08 00:12:59','Drama|Thriller',508,164),(238,'Mermaids','2020-03-29 04:15:50','Comedy|Drama|Romance',502,166),(239,'Contender, The','2020-10-08 23:32:06','Drama|Thriller',506,118),(240,'It\'s a Bikini World','2020-11-14 16:18:15','Comedy',504,177),(241,'Monsters vs Aliens: Mutant Pumpkins from Outer Space','2020-02-16 12:15:19','Animation|Comedy|Sci-Fi',506,108),(242,'Jönssonligan - Den perfekta stöten','2020-04-18 01:11:18','Action|Adventure|Comedy',508,119),(243,'Man of No Importance, A','2021-02-02 06:26:28','Drama',501,137),(244,'Midnight','2020-05-25 17:18:38','Comedy|Romance',508,132),(245,'Charlie Chan in Reno','2020-10-13 18:17:24','Comedy|Crime|Drama|Mystery|Thriller',509,174),(246,'Ernest Goes to School','2020-07-18 11:00:01','Children|Comedy|Drama',501,145),(247,'Goal! III','2020-05-09 11:53:40','Drama|Romance',507,191),(248,'Bleak House','2020-09-16 02:45:12','Drama',504,111),(249,'Batman: Under the Red Hood','2020-08-23 10:10:30','Action|Animation',506,134),(250,'Mighty Joe Young','2021-01-07 18:46:50','Action|Adventure|Drama|Fantasy|Thriller',501,198),(251,'Adventures of Picasso, The (Picassos äventyr)','2020-02-05 17:02:02','Comedy',509,104),(252,'Suicide Killers','2020-05-15 18:11:06','Documentary',502,106),(253,'Girl, The','2020-07-12 23:19:10','Drama|Mystery|Romance',507,161),(254,'Pilate and Others (Pilatus und andere - Ein Film für Karfreitag) ','2020-03-01 10:37:19','Drama',502,144),(255,'Beast, The (La bête)','2020-09-12 07:34:41','Drama|Fantasy|Horror|Mystery|Romance',507,129),(256,'Puffy Chair, The','2020-09-05 07:25:37','Drama|Romance',506,91),(257,'Slim Susie (Smala Sussie)','2020-06-27 15:12:34','Comedy|Crime|Mystery',509,136),(258,'Hangtime - Kein leichtes Spiel','2020-04-10 12:33:18','Drama',506,96),(259,'F/X','2020-10-04 11:42:55','Action|Crime|Thriller',503,143),(260,'Dragon Fist (Long quan)','2020-08-04 04:14:27','Action|Drama',507,142),(261,'Terrorist, The (a.k.a. Malli) (Theeviravaathi)','2020-10-21 21:10:41','Drama',509,184),(262,'Breaking the Maya Code','2020-12-08 15:54:03','Documentary',509,191),(263,'Zaat','2021-01-02 14:01:55','Fantasy|Horror|Sci-Fi',508,145),(264,'Time Lapse','2020-08-14 02:25:48','Crime|Drama|Sci-Fi|Thriller',501,133),(265,'Quickie, The','2020-09-27 21:44:23','Crime|Drama',506,175),(266,'Godzilla, King of the Monsters! (Kaijû-ô Gojira)','2020-04-05 22:02:25','Horror|Sci-Fi',505,128),(267,'Last Run','2020-02-04 02:48:40','Action|Crime|Thriller',504,158),(268,'State of Siege (État de siège)','2020-06-12 03:49:42','Drama|Thriller',505,124),(269,'Dead Presidents','2020-04-17 15:31:30','Action|Crime|Drama',506,143),(270,'Spoilers, The','2020-10-20 12:22:43','Action|Western',504,161),(271,'U-571','2021-01-02 19:08:52','Action|Thriller|War',509,94),(272,'Red 2','2021-01-13 07:11:40','Action|Comedy|Crime|Thriller',505,138),(273,'Harder They Come, The','2020-12-12 01:56:42','Action|Crime|Drama',506,112),(274,'Higher Ground','2021-01-09 11:56:51','Drama',509,97),(275,'Sommer der Gaukler, Der','2020-04-29 11:52:06','Comedy',503,133),(276,'My Amityville Horror','2020-11-11 05:08:54','Documentary',501,179),(277,'Fame','2020-10-06 12:52:44','Drama|Musical',506,111),(278,'Very Brady Sequel, A','2020-08-22 07:56:43','Comedy',503,117),(279,'No Holds Barred','2020-02-09 16:22:47','Action',505,119),(280,'Erin Brockovich','2020-12-14 19:39:09','Drama',503,154),(281,'Five Pennies, The','2020-05-19 20:33:53','Drama',503,160),(282,'Dead Set','2020-09-18 21:47:33','Comedy|Drama|Horror',503,138),(283,'Little Girl Who Conquered Time, The (Toki o kakeru shôjo)','2020-04-20 02:24:59','Romance|Sci-Fi',503,135),(284,'Cuban Fury','2020-09-29 12:42:35','Comedy',506,96),(285,'Bleach: Fade to Black (Bur&#299;chi Fade to Black Kimi no Na o Yobu)','2021-01-24 01:33:05','Animation',505,146),(286,'Waiting for Superman','2021-01-15 10:01:04','Documentary',507,180),(287,'In a Town This Size','2020-06-06 21:03:13','Documentary',501,92),(288,'Scar','2020-03-02 06:25:59','Crime|Horror|Thriller',502,147),(289,'Bringing Up Bobby','2020-06-05 23:35:08','Comedy',505,175),(290,'Rites of May, The (Itim) ','2020-06-09 13:40:50','Drama|Horror|Thriller',501,197),(291,'Average Little Man, An (Un borghese piccolo piccolo)','2020-12-02 12:34:29','Drama',501,133),(292,'Red','2020-04-19 15:55:46','Drama|Thriller',505,191),(293,'Déjà Vu (Deja Vu)','2020-10-18 17:19:17','Action|Sci-Fi|Thriller',501,182),(294,'Swan Princess: Escape from Castle Mountain, The','2020-10-23 17:57:13','Animation|Children|Fantasy|Romance',503,163),(295,'Black Dog','2020-04-06 22:00:30','Action|Thriller',507,138),(296,'Tale of Ham and Passion, A (Jamón, Jamón)','2020-10-17 02:03:12','Comedy|Drama|Romance',506,160),(297,'Je préfère qu\'on reste amis','2020-03-11 16:55:01','Comedy|Drama|Romance',502,147),(298,'Many Adventures of Winnie the Pooh, The','2020-07-14 08:50:18','Animation|Children|Musical',506,189),(299,'Belarmino','2021-01-28 13:06:40','Documentary|Drama',505,163),(300,'Ismael','2020-12-04 11:37:20','Drama',502,95);
/*!40000 ALTER TABLE `Upcoming_movies` ENABLE KEYS */;
UNLOCK TABLES;

--
-- Table structure for table `Users`
--

DROP TABLE IF EXISTS `Users`;
/*!40101 SET @saved_cs_client     = @@character_set_client */;
/*!40101 SET character_set_client = utf8 */;
CREATE TABLE `Users` (
  `UID` int(3) NOT NULL,
  `LoginID` varchar(8) NOT NULL,
  `FamilyID` int(2) DEFAULT NULL,
  `Name` varchar(27) NOT NULL,
  `Age` int(2) NOT NULL,
  `IndividualPayment` varchar(5) NOT NULL,
  `AvgTime` int(3) NOT NULL,
  `SubscriptionType` varchar(5) NOT NULL,
  PRIMARY KEY (`UID`),
  UNIQUE KEY `LoginID` (`LoginID`),
  KEY `FamilyID` (`FamilyID`),
  CONSTRAINT `Users_ibfk_2` FOREIGN KEY (`FamilyID`) REFERENCES `Family` (`FamilyID`)
) ENGINE=InnoDB DEFAULT CHARSET=utf8;
/*!40101 SET character_set_client = @saved_cs_client */;

--
-- Dumping data for table `Users`
--

LOCK TABLES `Users` WRITE;
/*!40000 ALTER TABLE `Users` DISABLE KEYS */;
INSERT INTO `Users` VALUES (1,'rauhv502',1,'Zachery MacKissack',34,'false',88,'true'),(2,'pxwao440',2,'Garv Gudge',30,'false',91,'true'),(3,'kubsq741',3,'Lilah Delacroux',40,'false',152,'true'),(4,'ocqlv100',4,'Jorgan Dolligon',35,'true',134,'false'),(5,'cnney081',5,'Harmonie Alleway',22,'true',62,'false'),(6,'uizdy535',6,'Emmaline Moles',30,'false',64,'true'),(7,'bzuef363',7,'Ardella Quickenden',32,'false',118,'true'),(8,'uoldk508',8,'Salvidor Arnaudin',54,'true',40,'false'),(9,'ilphb437',9,'Daven Borborough',19,'false',109,'true'),(10,'ahjkg209',10,'Courtenay Crisell',58,'true',67,'true'),(11,'wtqia592',11,'Saraann Leveritt',21,'true',74,'false'),(12,'rctzk870',12,'Dare Moorhouse',31,'true',139,'true'),(13,'yrccf959',13,'Dareen Alyonov',65,'false',49,'true'),(14,'cahqz183',14,'Godard Coupe',63,'false',118,'true'),(15,'hbrrt722',15,'Van Burel',30,'false',133,'false'),(16,'cxtgq560',16,'Alaine Aires',22,'false',148,'true'),(17,'qzjep976',17,'Sybyl Revel',27,'false',103,'false'),(18,'hovux073',18,'Chandra Douthwaite',65,'true',94,'false'),(19,'vpaeo537',19,'Mohammed Boorer',32,'false',126,'true'),(20,'mwklz382',20,'Bess Dowber',29,'true',141,'false'),(21,'aonvk702',21,'Emilio Beisley',27,'false',73,'true'),(22,'stwcl992',22,'Marice Keave',47,'true',177,'true'),(23,'dxleu288',23,'Reginauld Phizackerly',19,'false',140,'true'),(24,'ecqrn431',24,'Fanya Willimot',34,'false',56,'true'),(25,'fodtw336',25,'Jemima Chew',58,'true',173,'false'),(26,'xbhou552',26,'Wald Cambridge',51,'false',37,'false'),(27,'wzedp527',27,'Berta Fawdrey',38,'false',147,'false'),(28,'akixs754',28,'Catherin O\'Cridigan',29,'true',179,'true'),(29,'hrleu090',29,'Amanda Hellewell',28,'false',100,'false'),(30,'gazqf820',30,'Laetitia Lowne',36,'false',121,'false'),(31,'dsgwl387',31,'Jerrilyn Jumel',33,'true',58,'false'),(32,'skzzu395',32,'Ossie Kingdon',61,'true',83,'false'),(33,'awwer123',33,'Willette Tavernor',60,'false',154,'true'),(34,'pdqnz684',34,'Jeri Millward',64,'false',46,'true'),(35,'njloh001',35,'Carmella Dymick',34,'true',157,'false'),(36,'unxzq602',36,'Luelle Dingwall',40,'false',33,'false'),(37,'dmngf488',37,'Giselbert Corish',64,'false',163,'false'),(38,'rwjlq978',38,'Gayle Vassall',43,'true',75,'true'),(39,'viakn099',39,'Reggi Buckeridge',28,'true',72,'false'),(40,'ulafb286',40,'Karlene Dainter',33,'true',117,'false'),(41,'adzbd695',41,'Mark Loftie',30,'true',96,'true'),(42,'sdoys635',42,'Earlie Daen',39,'true',169,'false'),(43,'kuzhq874',43,'Fabiano Bowell',33,'false',139,'true'),(44,'kwofi309',44,'Haily Caves',34,'false',180,'true'),(45,'lbovk438',45,'Thacher Cogzell',55,'true',85,'false'),(46,'qmkgb722',46,'Joanna O\'Dunniom',44,'true',58,'true'),(47,'vcqph166',47,'Dita Baylis',27,'true',83,'false'),(48,'stvvp844',48,'Flynn Reddings',64,'false',60,'true'),(49,'tbsvp484',49,'Yoshiko Roddick',44,'true',172,'false'),(50,'kbfvj914',50,'Ted Venmore',20,'true',131,'true'),(51,'xjshe064',1,'Dorie Philipet',60,'false',50,'false'),(52,'eeiyh674',2,'Mordecai Stening',25,'false',91,'false'),(53,'tfstp226',3,'Arvie Rape',39,'false',64,'false'),(54,'rslst157',4,'Elden Loalday',25,'false',151,'true'),(55,'qjpem781',5,'Elvyn Roughey',51,'false',127,'true'),(56,'aalda587',6,'Frasco Willingale',46,'true',174,'false'),(57,'awwjv874',7,'Leoline Olekhov',52,'true',161,'true'),(58,'iopdm179',8,'Idalia MacKean',48,'false',52,'true'),(59,'rtwsr872',9,'Olympe Bamlett',18,'true',111,'true'),(60,'tdltb384',10,'Humbert Sarson',54,'true',168,'true'),(61,'pkxkm957',11,'Charlotta Gulston',55,'true',124,'true'),(62,'nucax746',12,'Amii Mohammed',55,'false',110,'true'),(63,'hzgri689',13,'Aubrey Jeanequin',18,'false',158,'true'),(64,'xkqmd602',14,'Wallis Leehane',60,'true',67,'false'),(65,'mnsqo261',15,'Kitti Lightoller',28,'true',130,'true'),(66,'caska683',16,'Verna Gingel',19,'true',118,'true'),(67,'xvujr729',17,'Derward Chevin',59,'true',72,'false'),(68,'atjvg509',18,'Haley Owenson',45,'false',163,'false'),(69,'kvzhj996',19,'Isabelita Littledyke',31,'false',127,'false'),(70,'bvosq686',20,'Osborne Smaridge',20,'false',41,'true'),(71,'jlebc713',21,'Ambrose McCurrie',54,'false',90,'false'),(72,'tlgkn421',22,'Fidelia Luciani',62,'true',64,'false'),(73,'ocmwx554',23,'Marrissa Van Der Weedenburg',41,'true',61,'false'),(74,'fabqt321',24,'Winnifred Sindell',59,'true',180,'true'),(75,'wboua418',25,'Carly Quaintance',24,'false',31,'true'),(76,'nzdjw088',26,'Torrey Janaszkiewicz',40,'false',70,'true'),(77,'cemhf711',27,'Alene McTavish',24,'false',167,'false'),(78,'rfvko005',28,'Baily Kohter',40,'false',88,'false'),(79,'wojzs652',29,'Carley Cunnah',35,'false',99,'false'),(80,'cfemv510',30,'Immanuel Thomerson',60,'true',60,'true'),(81,'fsthm354',31,'Nicolai Harmes',24,'false',119,'false'),(82,'iwzjq295',32,'Freddy Mulrenan',40,'false',65,'false'),(83,'sgsqa674',33,'Eveleen Barkes',52,'false',108,'false'),(84,'leskp994',34,'Constantine Laurie',64,'false',155,'false'),(85,'ujplw254',35,'Cookie Iglesias',39,'true',48,'false'),(86,'msysd624',36,'Karlotta Lay',29,'false',95,'true'),(87,'pynbj878',37,'Persis Imort',55,'false',48,'true'),(88,'cjmbr385',38,'Shaun Wilcocks',36,'true',150,'true'),(89,'tybse178',39,'Darlene Donkersley',46,'false',100,'true'),(90,'aqafq776',40,'Putnem Sorrel',41,'false',115,'false'),(91,'npbms552',41,'Guglielma Feeley',43,'true',49,'true'),(92,'jxgss419',42,'Cary Walne',49,'false',157,'false'),(93,'nnhnz035',43,'Hyacintha Chesnay',57,'false',146,'false'),(94,'kijbv861',44,'Olivia Benns',20,'true',163,'true'),(95,'oznmn721',45,'Roslyn de Keep',48,'true',117,'false'),(96,'rfcxx430',46,'Marie-ann Eldrid',49,'false',132,'true'),(97,'hbqpx885',47,'Ede Stickel',27,'false',169,'true'),(98,'etgvt152',48,'Farrel Drewet',62,'true',103,'true'),(99,'hehyf231',49,'Briney Cradick',29,'true',42,'true'),(100,'zaqfr768',50,'Orson Haughin',37,'true',148,'true'),(101,'chund251',1,'Candida McWhirter',28,'true',146,'false'),(102,'umlcw628',2,'Tatiania Rape',49,'false',128,'false'),(103,'pqipw576',3,'Layla Eustes',43,'true',112,'true'),(104,'ptllh184',4,'Dorella Tidbold',19,'false',148,'false'),(105,'rlkqm566',5,'Reeta Jacqueminet',47,'true',146,'false'),(106,'nhygl801',6,'Josi Lindner',54,'false',77,'true'),(107,'laftt338',7,'Nevin Doubleday',47,'false',126,'false'),(108,'pinnf111',8,'Shalna Andrieu',56,'false',64,'false'),(109,'nidfz195',9,'Marissa Schroder',57,'false',149,'false'),(110,'ioppz711',10,'Babita Koles',32,'true',154,'true'),(111,'eiwwh256',11,'Danyelle Twinterman',44,'true',152,'false'),(112,'jqpfd976',12,'Josepha Goodricke',56,'false',143,'false'),(113,'xaznr060',13,'Dario MacGuffog',58,'false',136,'false'),(114,'dsefh430',14,'Stepha Barke',22,'true',47,'false'),(115,'cxylr911',15,'Dyanne Apfelmann',18,'false',104,'true'),(116,'fwpth023',16,'Dietrich Sammonds',19,'true',42,'true'),(117,'fpgfm752',17,'Lonnie McVie',46,'true',179,'true'),(118,'amxqs840',18,'Clemens Kitchiner',49,'true',178,'true'),(119,'yuple820',19,'Laryssa Klimschak',23,'true',76,'false'),(120,'ljsvq301',20,'Briano Wein',43,'false',121,'true'),(121,'pxdmo253',21,'Bruce McPartling',50,'false',44,'true'),(122,'nirsq712',22,'Evangelin Baudin',62,'true',32,'false'),(123,'wkhbd740',23,'Gabrila Malicki',19,'false',49,'true'),(124,'tkcpu014',24,'Delano Eley',61,'false',55,'false'),(125,'oqgud584',25,'Dolorita Climar',27,'true',54,'false'),(126,'embcd624',26,'Elnar Fincken',46,'false',179,'true'),(127,'cjwcl685',27,'Odetta Salterne',63,'true',143,'true'),(128,'mrxvo325',28,'Alis Swales',24,'false',134,'true'),(129,'nuoas007',29,'Christyna Conlon',28,'true',93,'false'),(130,'hcngr195',30,'Colin Wixey',60,'false',151,'false'),(131,'udfvm192',31,'Aura Wellum',36,'false',45,'true'),(132,'ibutj026',32,'Keriann Crouse',49,'false',146,'false'),(133,'wvfdl622',33,'Nicoline Jeandel',46,'false',114,'false'),(134,'oxeul511',34,'Dewey Dunleavy',64,'false',54,'true'),(135,'lwney192',35,'Aprilette Yurmanovev',36,'false',173,'false'),(136,'ynxak683',36,'Pernell Dun',20,'true',158,'true'),(137,'razqy757',37,'Kaylee Burg',41,'true',161,'true'),(138,'rpwmm552',38,'Elmore Lockless',31,'true',125,'true'),(139,'ovroh023',39,'Gerta Bewshea',26,'true',146,'false'),(140,'wxwya343',40,'Stefanie Ibbeson',61,'true',134,'true'),(141,'dvdnd575',41,'Dorry Svanetti',27,'false',79,'true'),(142,'lslvt210',42,'Maegan Giocannoni',25,'true',149,'false'),(143,'xuweq291',43,'Cassius Van Der Straaten',52,'false',118,'false'),(144,'zndyc854',44,'Brandtr Bruton',57,'false',165,'true'),(145,'otbdk642',45,'Bentley Trayte',18,'true',163,'true'),(146,'bwrna080',46,'Mel Woodes',24,'false',85,'true'),(147,'xtsvt454',47,'Mill Tayloe',54,'false',114,'false'),(148,'vfjad781',48,'Stephan Coult',38,'true',42,'false'),(149,'zuqmo649',49,'Keelia Rogliero',25,'true',56,'true'),(150,'ugobc400',50,'Bria Spensley',63,'false',73,'false'),(151,'rdeky912',1,'Olenolin Salazar',24,'true',96,'false'),(152,'xodfu995',2,'Belia Normant',38,'false',121,'true'),(153,'zoavq386',3,'Corrine Szimon',35,'true',107,'true'),(154,'agyfn263',4,'Winnie Jaulmes',27,'true',147,'true'),(155,'hbidk213',5,'Skipper Stubbert',30,'true',155,'false'),(156,'zclor395',6,'Martina Guitel',32,'true',32,'false'),(157,'lugll039',7,'Bertie McLanachan',42,'true',177,'false'),(158,'lyhcp573',8,'Paolo Hayward',47,'true',160,'true'),(159,'zhbbl406',9,'Sharai Tubb',21,'true',128,'true'),(160,'xezne928',10,'Nobie Skeates',52,'true',36,'true'),(161,'acqrh098',11,'Kristina Roantree',55,'false',136,'true'),(162,'rktky808',12,'Elysia Halward',65,'false',179,'false'),(163,'yfpus437',13,'Leonid Heckney',63,'true',72,'false'),(164,'orfaw741',14,'Gray Edmunds',38,'false',140,'true'),(165,'yvxxu235',15,'Barnabe Prickett',33,'true',103,'false'),(166,'sabvr782',16,'Germayne Stathers',35,'true',95,'true'),(167,'hylov547',17,'Angeli Ambrosch',22,'true',76,'false'),(168,'lsxre458',18,'Bill Neath',55,'false',106,'false'),(169,'rvpen634',19,'Kaspar Grunbaum',60,'true',119,'false'),(170,'dtqpi125',20,'Fayth Klimentov',45,'false',180,'false'),(171,'vwmdp258',21,'Stefano Calverd',27,'false',177,'false'),(172,'xmrxt731',22,'Catherina Edmead',23,'false',132,'false'),(173,'wpcea865',23,'Flory Jallin',26,'true',47,'false'),(174,'xoxyk172',24,'Currie Odcroft',41,'false',50,'false'),(175,'vduwi247',25,'Flory Hugett',43,'false',137,'false'),(176,'xlcio485',26,'Koo Lown',34,'false',52,'true'),(177,'dlncd153',27,'Konstantin Plinck',23,'true',121,'true'),(178,'zrrou261',28,'Chrysler Abramowitch',33,'true',109,'false'),(179,'oohqj473',29,'Haley Kelinge',53,'true',140,'false'),(180,'typzz630',30,'Cass Combe',44,'true',121,'false'),(181,'ptyni659',31,'Finn Sheeres',59,'false',122,'true'),(182,'nuxvv248',32,'Averell Troop',52,'false',31,'true'),(183,'pmsro870',33,'Obidiah Juggins',58,'true',60,'true'),(184,'bcteh424',34,'Farand Odam',51,'true',32,'false'),(185,'lelqn696',35,'Roddy Patel',65,'true',144,'true'),(186,'luhqt414',36,'Britteny Nipper',42,'true',138,'false'),(187,'uffsk646',37,'Louella Basterfield',24,'false',70,'true'),(188,'ngilh154',38,'Jessy Burne',42,'true',88,'false'),(189,'kqjtk368',39,'Thornie Duigan',18,'false',148,'false'),(190,'xpmvk729',40,'Rosemonde Rewcastle',60,'true',43,'false'),(191,'coyfr875',41,'Quillan McGinty',30,'true',84,'false'),(192,'uxtil435',42,'Bev Ostridge',36,'false',49,'true'),(193,'vhxrj603',43,'Dannie Blackborne',43,'false',121,'false'),(194,'urbzt513',44,'Kristal Tiddeman',38,'true',30,'false'),(195,'pnhfn014',45,'Heather McCullock',29,'false',67,'false'),(196,'dcvxf388',46,'Malissia Meigh',21,'true',142,'false'),(197,'gzkpv972',47,'Layla Cardenosa',36,'true',109,'false'),(198,'riupk628',48,'Farly Gissing',30,'false',161,'false'),(199,'rnsku438',49,'Shanna McCorkindale',22,'true',178,'false'),(200,'pslsk328',50,'Rodi Kellen',30,'false',63,'true'),(201,'notdo526',1,'Atlanta Elener',58,'true',53,'false'),(202,'afoss879',2,'Nina Scarsbrooke',22,'false',78,'true'),(203,'ridct668',3,'Livvyy Bruniges',40,'true',159,'false'),(204,'clrkg751',4,'Cobbie Borman',26,'true',113,'false'),(205,'qknlj644',5,'Prue Wordsworth',62,'true',169,'true'),(206,'eyjan549',6,'Angeline Sauvage',53,'true',91,'false'),(207,'bpwjj461',7,'Lyn Spurret',47,'false',96,'false'),(208,'yolpy275',8,'Ricard Otteridge',33,'false',72,'true'),(209,'xaitf506',9,'Cynthie Traise',42,'false',142,'false'),(210,'plpij340',10,'Lynett Allanby',23,'true',120,'false'),(211,'rivrp799',11,'Vinita Sackes',50,'true',173,'false'),(212,'nnwmg923',12,'Valentia Gallyhaock',58,'false',41,'true'),(213,'rguxr859',13,'Anstice Crowch',35,'true',82,'true'),(214,'mwptt603',14,'Siana Blomfield',55,'false',128,'true'),(215,'razcb302',15,'Orran Bayman',52,'false',180,'true'),(216,'jhbnz062',16,'Bengt Timmermann',31,'false',86,'true'),(217,'ubmkg835',17,'Lorelei Trinke',61,'false',98,'true'),(218,'ldooo030',18,'Buddy Saltwell',28,'false',98,'false'),(219,'mxsso197',19,'Thomas Shipsey',39,'true',153,'true'),(220,'zimgr217',20,'Nye Lambillion',53,'false',33,'false'),(221,'cheim470',21,'Tann Studde',25,'false',58,'true'),(222,'msfpz385',22,'Fanchon Clementel',49,'false',121,'true'),(223,'gnjpz252',23,'Joela Oppie',40,'true',135,'false'),(224,'mcgxz768',24,'Jeremiah Fass',18,'false',43,'true'),(225,'luelb695',25,'Vitia Issatt',25,'false',76,'false'),(226,'uhfjp042',26,'Forester Cabedo',18,'true',156,'false'),(227,'tabbo511',27,'Rochelle Standidge',57,'false',161,'false'),(228,'pwryn651',28,'Barrett Stillgoe',60,'false',34,'false'),(229,'jsifc148',29,'Fina Whittick',64,'false',168,'true'),(230,'znuhl475',30,'Peggi Domel',38,'false',49,'false'),(231,'yfrsg097',31,'Gayler Worledge',36,'true',46,'true'),(232,'dfcqu017',32,'Blanca Raywood',40,'true',50,'false'),(233,'xzxzz544',33,'Shellie Durdle',22,'false',119,'false'),(234,'gzseg003',34,'Kassia Ledwitch',63,'false',135,'false'),(235,'wtkjs497',35,'Ada Heggadon',51,'false',165,'false'),(236,'sxsgs913',36,'Mabelle Paulack',22,'true',79,'true'),(237,'riuxk422',37,'Ignazio Pestor',45,'false',166,'true'),(238,'dgrme939',38,'Erich Hackworthy',45,'true',162,'true'),(239,'jiilu689',39,'Michele Marley',50,'true',100,'false'),(240,'gryxr514',40,'Shayla Videler',28,'true',111,'true'),(241,'bxcyo403',41,'Chrissy Josephsen',55,'true',43,'false'),(242,'gxxdl066',42,'Obie Buckwell',43,'false',106,'false'),(243,'gimex445',43,'Burlie Kobsch',29,'false',91,'false'),(244,'unuxw892',44,'Lonny Foote',33,'false',108,'true'),(245,'apwar130',45,'Tito Clemenceau',32,'true',98,'false'),(246,'coumo935',46,'Francklyn Quadri',65,'false',176,'false'),(247,'gggaj512',47,'Tobiah Fulmen',20,'false',101,'false'),(248,'eupby666',48,'Kathe Kirtland',56,'false',119,'false'),(249,'biwop427',49,'Marge Scrinage',35,'true',159,'false'),(250,'tdkic842',50,'Merrill Valerius',53,'false',75,'false'),(251,'smukj240',1,'Barbara Haldenby',49,'false',178,'true'),(252,'okcrl028',2,'Delilah Skittreal',40,'true',135,'true'),(253,'wkybo592',3,'Aurore Gleadhell',62,'false',121,'false'),(254,'hetuc105',4,'Dora Rumble',29,'true',72,'false'),(255,'jhldi037',5,'Julie Phin',40,'true',31,'false'),(256,'mauhs589',6,'Daron Fayre',44,'true',163,'true'),(257,'uhaus929',7,'Wilmer Cuddehy',51,'false',168,'true'),(258,'fxjua275',8,'Legra Sahlstrom',21,'false',118,'true'),(259,'krhoz450',9,'Bron Malitrott',35,'true',115,'true'),(260,'dwpxp392',10,'Dawna Breadmore',38,'false',161,'true'),(261,'kecrc354',11,'Floris Camidge',44,'true',74,'true'),(262,'yzxjq572',12,'Myrah Spyvye',32,'false',142,'true'),(263,'bkqwb419',13,'Lindsey De\'Ath',61,'false',83,'false'),(264,'xozsn731',14,'Ailsun Edgecumbe',43,'false',35,'false'),(265,'dnaiu954',15,'Temple Huke',43,'false',50,'false'),(266,'hdlbo720',16,'Lacie Haslewood',65,'true',33,'true'),(267,'avjms585',17,'Raquela Ganing',42,'false',50,'true'),(268,'cgotx574',18,'Chiarra Priestnall',27,'false',140,'true'),(269,'dyiqv529',19,'Ludovico Biss',29,'true',159,'true'),(270,'zqkij682',20,'Terrijo Norley',45,'true',78,'false'),(271,'fdkku579',21,'Gnni Georgius',50,'true',135,'true'),(272,'gerog415',22,'Marybelle Darcy',42,'false',30,'true'),(273,'dzujy159',23,'Willey Pering',29,'false',39,'false'),(274,'ksqvk485',24,'Dallis Room',43,'false',83,'true'),(275,'sytrn549',25,'Sancho Inkpen',65,'false',47,'false'),(276,'yxutu197',26,'Yoshiko Coffey',54,'true',54,'true'),(277,'mybxm352',27,'Ingeborg Simonin',27,'false',36,'true'),(278,'zudxq794',28,'Theresina Clell',30,'false',128,'false'),(279,'porug650',29,'Celestia Fierman',34,'true',169,'true'),(280,'rfrsk599',30,'Luciana Rubin',28,'false',57,'true'),(281,'wswqz382',31,'Lark Cowpertwait',53,'false',127,'true'),(282,'dbfsa146',32,'Valerye Fairhall',44,'true',156,'false'),(283,'unlnn073',33,'Tedie Minchi',49,'true',161,'true'),(284,'wktsb268',34,'Quintilla Hamson',39,'true',162,'true'),(285,'kzsta953',35,'Berny Rossbrooke',32,'true',91,'false'),(286,'yxmvq224',36,'Nerte Rape',37,'false',83,'false'),(287,'rxvym110',37,'Verla Nunnery',27,'false',155,'false'),(288,'pmouv563',38,'Constantia Gerrey',64,'true',53,'false'),(289,'jtsnc682',39,'Elia Beden',18,'false',92,'true'),(290,'mjrbf794',40,'Sallyann Coote',38,'false',172,'true'),(291,'uemug634',41,'Yancy Frosch',25,'true',112,'true'),(292,'ayzsb172',42,'Edouard McIlraith',59,'true',66,'true'),(293,'sprwj542',43,'Marlene Jolliss',47,'false',97,'true'),(294,'bnbvb981',44,'Dannye Witch',37,'false',61,'false'),(295,'aedkf387',45,'Doretta Bartoszewicz',49,'true',116,'false'),(296,'clbuq874',46,'Thebault MacIntyre',19,'true',158,'false'),(297,'yscxy967',47,'Fina Dine-Hart',46,'true',69,'true'),(298,'soekp402',48,'Nicko Riccardi',30,'true',112,'true'),(299,'kctav984',49,'Imogen Seeviour',21,'false',130,'false'),(300,'geobz965',50,'Izaak Oneil',32,'true',128,'true');
/*!40000 ALTER TABLE `Users` ENABLE KEYS */;
UNLOCK TABLES;

--
-- Table structure for table `Watch_List`
--

DROP TABLE IF EXISTS `Watch_List`;
/*!40101 SET @saved_cs_client     = @@character_set_client */;
/*!40101 SET character_set_client = utf8 */;
CREATE TABLE `Watch_List` (
  `UID` int(3) NOT NULL,
  `MovieID` int(3) NOT NULL,
  `Rating` decimal(3,1) NOT NULL,
  PRIMARY KEY (`UID`,`MovieID`),
  KEY `MovieID` (`MovieID`),
  CONSTRAINT `Watch_List_ibfk_1` FOREIGN KEY (`UID`) REFERENCES `Users` (`UID`),
  CONSTRAINT `Watch_List_ibfk_2` FOREIGN KEY (`MovieID`) REFERENCES `Movies` (`Movie_id`)
) ENGINE=InnoDB DEFAULT CHARSET=utf8;
/*!40101 SET character_set_client = @saved_cs_client */;

--
-- Dumping data for table `Watch_List`
--

LOCK TABLES `Watch_List` WRITE;
/*!40000 ALTER TABLE `Watch_List` DISABLE KEYS */;
INSERT INTO `Watch_List` VALUES (1,9,7.6),(2,94,9.0),(3,151,3.2),(3,163,4.9),(3,193,3.9),(4,75,5.8),(4,185,8.3),(5,189,3.9),(5,244,5.1),(6,4,7.7),(6,247,7.7),(7,275,7.3),(7,276,4.0),(8,23,9.6),(8,279,7.7),(9,142,8.1),(10,94,8.3),(10,95,5.5),(10,96,6.1),(10,241,6.7),(12,128,8.3),(13,290,7.2),(14,29,9.6),(14,30,3.8),(14,54,6.0),(14,274,6.7),(14,294,7.7),(17,31,5.4),(17,52,6.6),(17,238,6.3),(17,296,4.8),(18,187,3.3),(18,197,5.3),(18,222,4.1),(18,224,9.1),(18,277,5.4),(19,174,6.9),(19,194,7.1),(20,156,9.6),(21,63,7.1),(21,111,7.9),(21,299,7.6),(23,232,4.1),(23,285,9.9),(23,294,4.8),(24,125,6.5),(24,190,7.5),(24,236,8.2),(25,44,7.3),(25,93,3.9),(25,103,9.8),(25,279,8.4),(26,190,3.1),(27,94,4.9),(28,228,7.5),(28,286,9.5),(30,5,4.6),(31,169,7.9),(31,199,4.7),(31,247,4.3),(31,268,8.5),(31,292,4.5),(32,83,6.6),(32,160,5.5),(32,200,3.9),(33,97,8.3),(33,148,6.4),(34,12,3.2),(34,94,6.2),(34,248,5.1),(35,10,8.8),(35,115,9.7),(35,193,7.9),(36,9,7.0),(36,101,4.1),(36,107,8.6),(37,72,9.4),(37,208,3.2),(39,148,8.4),(39,200,9.6),(40,167,8.4),(40,212,9.6),(40,240,5.4),(40,293,6.2),(41,198,3.1),(41,299,3.3),(42,65,6.8),(42,104,5.1),(42,197,6.8),(42,299,7.9),(45,103,6.2),(45,126,9.0),(45,238,8.9),(46,96,5.8),(46,182,5.4),(46,246,7.3),(47,90,5.2),(47,232,3.1),(47,269,5.4),(48,283,6.5),(49,82,6.2),(49,156,7.9),(49,270,4.9),(50,35,4.5),(50,174,6.9),(50,179,7.0),(50,232,4.2),(51,290,5.1),(53,6,8.3),(53,37,6.2),(53,58,7.0),(53,108,5.9),(53,136,7.5),(53,178,8.9),(54,115,3.8),(55,49,7.4),(55,131,3.5),(55,286,5.9),(56,15,9.8),(56,63,8.4),(56,67,7.4),(56,144,9.1),(57,157,5.8),(57,285,7.7),(58,93,5.6),(59,26,6.8),(59,131,4.5),(59,201,8.6),(60,88,8.9),(60,168,3.2),(61,119,8.8),(61,197,4.1),(61,255,3.2),(62,59,9.4),(62,130,4.6),(62,232,6.7),(63,70,6.9),(63,82,9.0),(63,177,9.9),(63,182,3.8),(63,249,5.5),(64,26,8.3),(64,258,5.8),(65,100,3.2),(66,110,3.3),(66,178,9.6),(67,66,9.5),(67,191,7.6),(67,239,4.3),(68,41,5.4),(68,141,8.5),(68,166,4.1),(69,49,4.0),(69,81,4.7),(69,158,3.5),(69,259,9.7),(70,3,4.1),(70,15,3.5),(70,175,9.1),(71,104,3.8),(71,128,7.3),(71,225,8.7),(71,230,6.7),(71,259,7.3),(72,148,6.2),(72,159,9.3),(73,191,3.1),(73,270,5.1),(74,109,5.5),(74,178,5.8),(75,131,7.9),(75,171,7.9),(75,204,3.0),(76,123,3.6),(77,7,7.3),(77,113,7.1),(77,193,3.7),(77,278,7.9),(78,107,5.8),(78,227,4.5),(79,96,7.9),(80,79,6.0),(80,111,6.9),(81,107,8.3),(81,259,6.0),(83,96,4.8),(84,196,5.2),(85,24,9.5),(85,103,8.0),(85,241,6.5),(85,298,4.1),(86,33,3.9),(86,49,6.8),(86,63,3.4),(86,165,3.4),(86,184,5.9),(86,248,8.3),(86,282,4.7),(87,264,9.6),(88,3,5.2),(88,61,6.1),(88,191,3.3),(89,51,6.6),(89,238,9.3),(89,258,4.5),(90,54,6.1),(91,38,6.8),(91,115,7.6),(91,125,9.0),(91,152,8.8),(91,208,3.2),(91,280,5.9),(92,80,8.2),(92,131,7.5),(92,175,7.3),(92,276,3.9),(92,284,5.4),(93,62,4.4),(93,282,9.7),(94,118,7.2),(94,131,5.2),(95,227,8.9),(95,299,5.6),(96,154,6.2),(96,265,8.8),(96,284,8.4),(97,134,5.4),(97,173,8.3),(98,236,4.1),(99,252,9.3),(100,173,3.7),(101,238,6.0),(102,74,6.1),(103,119,8.0),(104,39,3.7),(104,46,6.5),(104,67,9.4),(105,48,5.4),(106,43,5.5),(106,115,3.7),(107,202,6.5),(108,48,8.2),(108,164,5.6),(108,261,7.2),(109,228,8.3),(109,243,6.9),(110,49,9.3),(110,125,7.9),(110,217,9.5),(110,300,7.6),(111,176,8.2),(113,184,6.6),(113,280,6.3),(114,32,4.8),(115,173,3.5),(115,176,5.4),(115,199,3.3),(115,275,4.0),(116,75,4.5),(116,291,5.6),(117,42,6.6),(117,267,6.9),(117,297,9.3),(118,115,5.1),(118,118,4.0),(118,176,7.5),(118,211,4.7),(118,233,3.0),(118,281,6.8),(119,233,7.0),(119,277,3.5),(120,59,4.6),(120,162,8.6),(120,166,5.3),(120,231,7.3),(121,17,7.3),(121,44,4.3),(121,144,3.8),(122,79,6.1),(122,84,8.1),(123,34,7.4),(123,187,7.0),(124,48,9.3),(125,13,7.0),(125,80,9.4),(126,80,5.6),(126,93,9.5),(126,138,8.7),(126,142,6.7),(126,240,7.8),(126,278,7.5),(127,19,9.1),(127,135,9.8),(127,232,9.3),(127,252,10.0),(127,258,8.5),(128,82,6.3),(128,242,5.9),(128,290,3.5),(129,86,4.2),(129,125,7.4),(129,179,4.0),(130,96,6.6),(131,187,7.5),(132,182,8.1),(132,262,7.6),(133,49,8.8),(134,85,6.5),(134,90,6.8),(134,108,8.8),(134,199,4.9),(134,264,5.0),(135,280,6.5),(136,185,3.7),(136,217,5.5),(137,15,4.3),(137,133,8.5),(137,160,7.5),(137,162,6.8),(137,274,9.4),(138,106,5.5),(139,129,5.8),(139,209,5.6),(140,160,8.6),(140,210,3.1),(141,135,3.8),(141,179,7.1),(142,53,6.5),(142,128,4.1),(142,171,9.7),(142,196,7.8),(142,225,6.4),(143,97,3.8),(143,171,8.6),(143,262,6.0),(144,50,8.1),(144,196,7.0),(144,287,7.5),(145,29,9.9),(145,62,3.7),(145,182,7.5),(147,5,6.7),(147,189,4.8),(147,231,6.4),(148,60,3.2),(148,87,7.0),(148,111,9.2),(148,226,8.1),(149,177,8.8),(149,199,7.3),(150,58,7.5),(150,195,6.3),(151,227,9.7),(152,28,4.6),(152,91,8.0),(152,185,8.1),(152,204,3.8),(153,35,6.1),(154,206,6.4),(156,42,8.5),(156,55,8.3),(156,134,8.4),(157,133,3.8),(157,300,8.5),(158,78,7.5),(158,92,8.6),(158,212,9.7),(160,140,3.5),(160,180,6.8),(160,264,9.3),(161,18,9.3),(161,43,8.2),(162,133,4.5),(162,156,7.5),(162,166,5.9),(163,216,8.5),(164,33,7.0),(164,234,3.2),(166,49,7.2),(166,222,8.4),(166,294,6.2),(167,144,6.0),(169,99,5.8),(169,149,8.1),(170,70,7.2),(170,136,7.6),(170,156,7.3),(171,20,7.3),(171,226,9.3),(172,127,5.7),(172,222,8.3),(172,233,6.3),(173,115,7.9),(174,168,3.4),(175,282,9.5),(176,52,5.6),(176,242,9.1),(176,284,3.9),(177,105,6.1),(177,107,5.4),(177,225,4.0),(177,239,4.6),(177,250,7.4),(179,96,7.5),(180,159,9.0),(180,238,4.0),(181,32,7.4),(181,48,7.7),(181,190,9.1),(181,203,9.8),(181,241,9.5),(183,155,9.2),(183,191,7.7),(184,51,5.4),(184,101,7.4),(184,295,9.9),(185,3,3.8),(186,40,5.0),(186,80,6.6),(187,130,7.0),(187,149,4.9),(187,162,9.9),(187,202,6.3),(187,218,5.7),(188,68,8.4),(189,22,9.7),(189,72,3.2),(189,183,3.5),(189,202,6.5),(190,28,9.7),(190,59,7.2),(190,121,8.0),(192,82,7.9),(192,164,3.6),(193,3,6.2),(193,12,3.1),(193,292,6.3),(194,34,8.6),(194,116,4.4),(195,70,3.9),(195,125,5.8),(195,213,9.6),(196,96,4.1),(196,204,6.2),(196,296,4.3),(197,25,3.5),(197,69,3.4),(197,218,4.2),(197,226,5.3),(198,175,6.3),(198,189,7.3),(199,134,6.6),(200,16,8.5),(200,81,7.2),(200,84,8.2),(200,177,4.3),(200,199,3.7),(201,55,5.2),(201,166,6.7),(202,294,8.7),(203,262,6.5),(204,47,4.1),(204,164,6.2),(204,201,8.9),(205,20,8.3),(205,111,4.1),(205,278,6.9),(206,163,6.6),(207,17,9.4),(207,61,4.4),(208,132,8.1),(208,168,4.6),(208,170,4.0),(208,179,8.5),(208,230,6.1),(209,17,8.7),(209,144,3.3),(209,275,9.7),(209,285,9.7),(210,126,6.7),(210,143,6.8),(210,177,6.7),(211,236,6.6),(211,246,5.4),(212,224,6.9),(212,235,8.3),(213,96,4.3),(215,63,8.0),(215,94,5.8),(215,106,5.9),(216,108,6.0),(217,208,4.1),(218,29,3.8),(218,152,6.1),(218,188,9.2),(218,233,6.0),(219,100,9.2),(219,166,3.6),(219,177,6.2),(219,189,4.0),(221,173,9.4),(221,262,3.4),(223,138,3.1),(224,131,9.0),(224,154,4.0),(224,160,4.9),(224,190,3.4),(224,225,3.4),(225,5,3.9),(225,162,4.2),(225,295,6.0),(227,146,6.2),(227,283,4.6),(228,35,7.0),(228,128,7.6),(228,194,4.6),(229,70,10.0),(229,105,6.1),(229,162,9.6),(229,220,8.5),(230,277,5.2),(231,258,6.5),(232,29,6.1),(232,133,3.8),(233,198,8.6),(233,274,7.2),(233,277,3.4),(234,95,4.3),(234,114,9.5),(235,14,9.4),(236,67,9.2),(236,115,6.3),(236,208,9.1),(236,232,8.0),(236,253,3.6),(237,3,6.6),(238,163,7.0),(240,25,7.1),(240,148,8.1),(241,33,5.0),(241,44,9.1),(241,210,6.1),(242,201,4.5),(243,15,9.6),(243,56,8.5),(243,67,8.7),(243,79,4.4),(243,158,5.0),(243,268,5.8),(245,31,5.2),(245,44,7.0),(245,254,9.5),(246,195,8.6),(247,21,3.4),(247,45,7.3),(247,215,4.4),(248,23,4.6),(248,82,4.1),(248,104,9.0),(248,124,7.4),(248,286,3.6),(249,78,3.1),(249,268,6.4),(249,280,8.8),(250,66,8.4),(250,173,8.9),(251,188,4.5),(251,190,5.7),(252,15,4.7),(252,57,9.1),(252,175,7.9),(252,293,7.6),(253,132,9.0),(254,275,3.8),(255,85,9.6),(256,190,4.8),(257,189,6.1),(257,260,3.5),(257,294,6.9),(258,61,8.8),(258,205,4.6),(259,29,7.5),(259,178,7.7),(259,242,7.4),(259,282,3.8),(260,165,4.4),(260,182,4.3),(260,249,4.4),(262,40,8.6),(262,164,7.1),(262,180,4.0),(263,155,5.4),(263,172,9.4),(264,69,7.9),(264,119,7.9),(265,107,3.6),(265,122,4.3),(265,157,9.9),(265,197,8.8),(265,250,9.0),(266,52,3.4),(266,154,9.3),(267,88,8.2),(267,178,5.0),(267,271,9.8),(268,195,4.2),(269,127,7.8),(270,110,7.5),(270,172,5.3),(270,275,3.3),(272,80,9.7),(272,229,8.3),(272,270,3.5),(273,295,7.6),(275,94,6.8),(275,97,9.7),(275,243,9.0),(275,260,7.8),(276,31,6.8),(276,239,7.1),(277,127,4.0),(277,146,8.2),(277,172,8.4),(277,210,3.3),(277,223,9.5),(277,257,4.7),(278,120,4.2),(278,182,4.2),(278,284,8.2),(279,30,6.2),(279,123,6.9),(279,152,8.2),(279,181,6.4),(279,198,7.6),(280,48,6.7),(280,86,9.5),(280,132,9.9),(281,124,4.3),(281,127,4.7),(281,261,4.6),(283,23,5.6),(283,188,6.1),(283,226,3.8),(284,3,4.7),(284,62,8.2),(284,90,7.7),(284,113,3.5),(284,191,3.5),(284,195,5.3),(285,43,7.3),(285,196,6.0),(286,40,7.7),(286,276,7.8),(286,281,7.5),(287,38,3.2),(287,80,8.6),(287,216,3.6),(287,231,4.7),(288,48,5.8),(288,55,9.3),(288,250,4.3),(289,241,6.4),(289,267,5.2),(290,61,5.6),(290,96,5.1),(290,121,3.4),(290,181,5.5),(290,246,7.0),(291,232,3.4),(292,252,5.9),(292,283,7.1),(292,292,3.6),(293,164,5.7),(294,33,8.8),(294,71,7.2),(294,185,5.3),(295,262,7.3),(296,82,9.2),(296,100,7.9),(296,135,9.8),(296,163,7.6),(296,196,9.4),(296,227,3.3),(296,270,7.2),(297,66,6.1),(297,86,8.8),(297,149,8.4),(297,196,8.2),(297,251,5.0),(298,146,8.1),(298,147,3.4),(299,79,5.1),(299,121,10.0),(299,161,4.4),(299,171,5.9),(299,236,6.6),(300,118,6.5),(300,247,9.6),(300,272,9.9),(300,288,3.6);
/*!40000 ALTER TABLE `Watch_List` ENABLE KEYS */;
UNLOCK TABLES;
/*!40103 SET TIME_ZONE=@OLD_TIME_ZONE */;

/*!40101 SET SQL_MODE=@OLD_SQL_MODE */;
/*!40014 SET FOREIGN_KEY_CHECKS=@OLD_FOREIGN_KEY_CHECKS */;
/*!40014 SET UNIQUE_CHECKS=@OLD_UNIQUE_CHECKS */;
/*!40101 SET CHARACTER_SET_CLIENT=@OLD_CHARACTER_SET_CLIENT */;
/*!40101 SET CHARACTER_SET_RESULTS=@OLD_CHARACTER_SET_RESULTS */;
/*!40101 SET COLLATION_CONNECTION=@OLD_COLLATION_CONNECTION */;
/*!40111 SET SQL_NOTES=@OLD_SQL_NOTES */;

-- Dump completed on 2020-04-08 17:59:31
